event_id,case_id,scenario,episode_id_gt,microflow_gt,timestamp,actor_type,actor_role,intent,action_type,capability,tool_name,object_type,handoff_from,handoff_to,status,retry_count,prev_event_id
b5198095-0427-496a-bd81-adb8e2e2725a,C000000,S3_quality_abnormality,C000000_E00,MW01,2026-01-01T08:00:00,agent,production,incidental_activity,noise,QueryNonCriticalMetric,QueryNonCriticalMetric,ProductionOrder,,,success,0,
f3b27763-b4c5-43c1-82e5-468eea12c304,C000000,S3_quality_abnormality,C000000_E00,MW01,2026-01-01T08:00:23,agent,production,understand_abnormality,trigger,ReceiveAbnormalityEvent,ReceiveAbnormalityEvent,OperationalCase,,,success,0,b5198095-0427-496a-bd81-adb8e2e2725a
3007c5d9-1732-4ecb-879b-df04ca73067e,C000000,S3_quality_abnormality,C000000_E00,MW01,2026-01-01T08:00:35,agent,production,collect_context,work,GetMachineStatus,OpsAgent.machineContext,Machine,,,success,0,f3b27763-b4c5-43c1-82e5-468eea12c304
bef7d951-0cf4-4e2c-98a6-69fa75096cfa,C000000,S3_quality_abnormality,C000000_E00,MW01,2026-01-01T08:01:12,agent,production,collect_context,work,GetCurrentProductionOrder,ERP.queryOrder,ProductionOrder,,,success,0,3007c5d9-1732-4ecb-879b-df04ca73067e
8101ad76-8116-4ce8-9ca3-bb3bc44ec893,C000000,S3_quality_abnormality,C000000_E00,MW01,2026-01-01T08:02:02,human,specialist,collect_context,work,GetRecentAlarm,SCADA.recentAlarm,Machine,,,success,0,bef7d951-0cf4-4e2c-98a6-69fa75096cfa
a853e0a6-caed-4fe6-8a82-362a86bc67c6,C000000,S3_quality_abnormality,C000000_E00,MW01,2026-01-01T08:02:26,agent,quality,incidental_activity,noise,SendStatusMessage,SendStatusMessage,ProductionOrder,,,success,0,8101ad76-8116-4ce8-9ca3-bb3bc44ec893
f11d9b34-0f02-4769-9782-463ab6057576,C000000,S3_quality_abnormality,C000000_E00,MW01,2026-01-01T08:02:35,agent,production,synthesize_context,outcome,BuildOperationalContext,BuildOperationalContext,OperationalCase,,,success,0,a853e0a6-caed-4fe6-8a82-362a86bc67c6
b2721218-5c88-45ef-b47f-d6e270660b54,C000000,S3_quality_abnormality,C000000_E01,MW02,2026-01-01T08:03:20,agent,maintenance,investigate_cause,work,GetAlarmHistory,MaintenanceAgent.alarmHistory,Machine,,,success,0,f11d9b34-0f02-4769-9782-463ab6057576
4ef1de28-de0f-486c-9052-4ed11f3f2f5d,C000000,S3_quality_abnormality,C000000_E01,MW02,2026-01-01T08:04:15,human,specialist,investigate_cause,work,GetMaintenanceHistory,MaintenanceAgent.workHistory,MaintenanceRequest,,,success,0,b2721218-5c88-45ef-b47f-d6e270660b54
48ae2e61-39c1-4cd2-8200-bf182ca9c1ef,C000000,S3_quality_abnormality,C000000_E01,MW02,2026-01-01T08:04:59,agent,production,investigate_cause,work,GetProcessParameters,Historian.processWindow,OperationalCase,,,success,0,4ef1de28-de0f-486c-9052-4ed11f3f2f5d
da9fa6de-d9ac-4f61-b7df-d5bc599c7bfc,C000000,S3_quality_abnormality,C000000_E01,MW02,2026-01-01T08:05:32,agent,maintenance,coordinate_evidence,work,RequestSpecialistEvidence,RequestSpecialistEvidence,OperationalCase,,,success,0,48ae2e61-39c1-4cd2-8200-bf182ca9c1ef
893d649e-345d-4cee-a1b0-f8d1bcca4a14,C000000,S3_quality_abnormality,C000000_E01,MW02,2026-01-01T08:05:57,agent,maintenance,synthesize_evidence,outcome,BuildRootCauseEvidencePackage,BuildRootCauseEvidencePackage,OperationalCase,,,success,0,da9fa6de-d9ac-4f61-b7df-d5bc599c7bfc
b0bd5a80-52ef-498f-9cfe-cac4615fc865,C000000,S3_quality_abnormality,C000000_E02,MW03,2026-01-01T08:06:28,human,specialist,assess_quality_impact,work,IdentifyAffectedWIP,QMS.relatedWIP,QualityIssue,,,success,0,893d649e-345d-4cee-a1b0-f8d1bcca4a14
e97f5898-cd78-43aa-864e-e1481291445a,C000000,S3_quality_abnormality,C000000_E02,MW03,2026-01-01T08:06:47,agent,quality,assess_quality_impact,work,GetInspectionResults,QMS.results,QualityIssue,,,success,0,b0bd5a80-52ef-498f-9cfe-cac4615fc865
d14283d6-a185-4fb4-a081-aafbdeff09fb,C000000,S3_quality_abnormality,C000000_E02,MW03,2026-01-01T08:07:45,agent,quality,assess_quality_impact,work,GetQualitySpecification,PLM.qualitySpec,QualityIssue,,,success,0,e97f5898-cd78-43aa-864e-e1481291445a
a818de85-24cc-4a56-8f72-26b94b381b75,C000000,S3_quality_abnormality,C000000_E02,MW03,2026-01-01T08:08:39,agent,quality,assess_quality_impact,outcome,ClassifyQualityRisk,ClassifyQualityRisk,QualityIssue,,,success,0,d14283d6-a185-4fb4-a081-aafbdeff09fb
881e4447-de85-4892-a7e8-493f451381b8,C000000,S3_quality_abnormality,C000000_E03,MW04,2026-01-01T08:08:53,agent,production,assess_production_impact,work,IdentifyAffectedResource,IdentifyAffectedResource,OperationalCase,,,success,0,a818de85-24cc-4a56-8f72-26b94b381b75
3bed7e1a-6882-4c76-8bf8-4c58803045c4,C000000,S3_quality_abnormality,C000000_E03,MW04,2026-01-01T08:09:47,agent,production,assess_production_impact,work,RetrieveActiveOrders,SAP.productionOrders,ProductionOrder,,,success,0,881e4447-de85-4892-a7e8-493f451381b8
f5d4d034-e9c3-4163-85c3-de1a195454d7,C000000,S3_quality_abnormality,C000000_E03,MW04,2026-01-01T08:10:15,agent,planning,assess_production_impact,work,RetrieveSchedule,MES.currentSchedule,ProductionOrder,,,success,0,3bed7e1a-6882-4c76-8bf8-4c58803045c4
2c874b7a-cfed-4d9e-bba8-2860cec9665f,C000000,S3_quality_abnormality,C000000_E03,MW04,2026-01-01T08:10:47,human,specialist,assess_production_impact,work,EvaluateCapacityLoss,PlanningAgent.capacityLoss,Machine,,,success,0,f5d4d034-e9c3-4163-85c3-de1a195454d7
460c2e65-6d0b-4643-b311-a6668dc7b959,C000000,S3_quality_abnormality,C000000_E03,MW04,2026-01-01T08:11:05,agent,planning,assess_production_impact,outcome,IdentifyAffectedOrders,IdentifyAffectedOrders,ProductionOrder,,,success,0,2c874b7a-cfed-4d9e-bba8-2860cec9665f
79e16925-27bb-4db6-ad81-f03a35d24aa4,C000000,S3_quality_abnormality,C000000_E04,MW06,2026-01-01T08:11:46,human,specialist,design_recovery,work,GenerateRecoveryOptions,GenerateRecoveryOptions,OperationalCase,,,success,0,460c2e65-6d0b-4643-b311-a6668dc7b959
c4816027-c1b6-4de2-ad62-83639e8b2d5b,C000000,S3_quality_abnormality,C000000_E04,MW06,2026-01-01T08:12:31,agent,planning,design_recovery,work,CheckAlternateCapacity,PlanningAgent.altCapacity,Machine,,,success,0,79e16925-27bb-4db6-ad81-f03a35d24aa4
a297117a-146d-4647-8843-a021f44ad6e6,C000000,S3_quality_abnormality,C000000_E04,MW06,2026-01-01T08:12:55,agent,production,design_recovery,outcome,RecommendRecoveryPlan,RecommendRecoveryPlan,OperationalCase,,,success,0,c4816027-c1b6-4de2-ad62-83639e8b2d5b
cffdc6c1-1714-44a1-bafc-7d8a475724f1,C000000,S3_quality_abnormality,C000000_E05,MW07,2026-01-01T08:13:19,agent,quality,incidental_activity,noise,OpenReferenceDocument,OpenReferenceDocument,Material,,,success,0,a297117a-146d-4647-8843-a021f44ad6e6
ed95556c-bfc3-43ad-a1f8-b6a248ebd276,C000000,S3_quality_abnormality,C000000_E05,MW07,2026-01-01T08:13:42,agent,production,request_approval,work,SubmitRecoveryProposal,SubmitRecoveryProposal,OperationalCase,,,success,0,cffdc6c1-1714-44a1-bafc-7d8a475724f1
c8cb69bc-f76a-4246-9036-e218922d5674,C000000,S3_quality_abnormality,C000000_E05,MW07,2026-01-01T08:14:24,human,supervisor,decide_approval,work,ResolveApprovalDecision,ResolveApprovalDecision,OperationalCase,,,success,0,ed95556c-bfc3-43ad-a1f8-b6a248ebd276
eed49d83-33b1-4959-9e5e-4779beaabc3a,C000000,S3_quality_abnormality,C000000_E05,MW07,2026-01-01T08:15:21,agent,production,finalize_approval,outcome,PublishApprovedPlan,PublishApprovedPlan,OperationalCase,,,success,0,c8cb69bc-f76a-4246-9036-e218922d5674
7d7c964d-01f1-4504-a694-b59e1f8f444b,C000000,S3_quality_abnormality,C000000_E06,MW08,2026-01-01T08:16:14,human,specialist,execute_recovery,work,ExecuteRecoveryAction,MES.executeChange,OperationalCase,,,success,0,eed49d83-33b1-4959-9e5e-4779beaabc3a
f72e3699-eb8c-4d79-9a96-acac0dad6aec,C000000,S3_quality_abnormality,C000000_E06,MW08,2026-01-01T08:16:36,agent,production,verify_recovery,work,MonitorProductionState,MonitorProductionState,OperationalCase,,,success,0,7d7c964d-01f1-4504-a694-b59e1f8f444b
2ceb2518-04dc-4700-98a1-f43e7d7802d0,C000000,S3_quality_abnormality,C000000_E06,MW08,2026-01-01T08:17:07,human,specialist,verify_recovery,work,VerifyRecoveryOutcome,VerifyRecoveryOutcome,OperationalCase,,,success,0,f72e3699-eb8c-4d79-9a96-acac0dad6aec
decce2d7-a123-43d7-8c11-fcbe076a584f,C000000,S3_quality_abnormality,C000000_E06,MW08,2026-01-01T08:17:51,agent,production,close_case,outcome,CloseOperationalEpisode,CloseOperationalEpisode,OperationalCase,,,failed,0,2ceb2518-04dc-4700-98a1-f43e7d7802d0
ba0d727d-17f5-4f88-acfc-f27b9eedfd58,C000000,S3_quality_abnormality,C000000_E06,MW08,2026-01-01T08:18:02,agent,production,close_case,outcome,CloseOperationalEpisode,CloseOperationalEpisode,OperationalCase,,,success,1,decce2d7-a123-43d7-8c11-fcbe076a584f
84177c0e-6d83-483a-9430-6765053e96ad,C000001,S4_delivery_delay,C000001_E00,MW01,2026-01-01T08:03:00,agent,production,understand_abnormality,trigger,ReceiveAbnormalityEvent,ReceiveAbnormalityEvent,OperationalCase,,,success,0,
1d8c9675-3bfd-4638-9187-2051325dbafc,C000001,S4_delivery_delay,C000001_E00,MW01,2026-01-01T08:03:41,agent,production,collect_context,work,GetMachineStatus,MES.machineStatus,Machine,,,success,0,84177c0e-6d83-483a-9430-6765053e96ad
6af906e5-8da3-4cc2-8d71-f637d978ce39,C000001,S4_delivery_delay,C000001_E00,MW01,2026-01-01T08:04:00,agent,production,collect_context,work,GetCurrentProductionOrder,ERP.queryOrder,ProductionOrder,,,success,0,1d8c9675-3bfd-4638-9187-2051325dbafc
78aacf9f-3e27-45b3-ba68-4ab04d8264d7,C000001,S4_delivery_delay,C000001_E00,MW01,2026-01-01T08:04:20,agent,maintenance,collect_context,work,GetRecentAlarm,MES.alarmQuery,Machine,,,success,0,6af906e5-8da3-4cc2-8d71-f637d978ce39
177c0044-cb29-4069-a552-6bde933fe589,C000001,S4_delivery_delay,C000001_E00,MW01,2026-01-01T08:04:39,agent,production,synthesize_context,outcome,BuildOperationalContext,BuildOperationalContext,OperationalCase,,,success,0,78aacf9f-3e27-45b3-ba68-4ab04d8264d7
d35253a3-b4ec-4091-a5e2-8cb861eb019a,C000001,S4_delivery_delay,C000001_E01,MW04,2026-01-01T08:05:08,agent,production,assess_production_impact,work,IdentifyAffectedResource,IdentifyAffectedResource,OperationalCase,,,success,0,177c0044-cb29-4069-a552-6bde933fe589
a8c100c4-0f12-4b95-b61c-bd4a41ecd69a,C000001,S4_delivery_delay,C000001_E01,MW04,2026-01-01T08:05:28,agent,production,assess_production_impact,work,RetrieveActiveOrders,ProductionAgent.orders,ProductionOrder,,,success,0,d35253a3-b4ec-4091-a5e2-8cb861eb019a
7c3c3653-71ed-4be8-b442-8c991bcb0fff,C000001,S4_delivery_delay,C000001_E01,MW04,2026-01-01T08:05:59,agent,planning,assess_production_impact,work,RetrieveSchedule,APS.schedule,ProductionOrder,,,success,0,a8c100c4-0f12-4b95-b61c-bd4a41ecd69a
2af3031e-5386-4116-83c0-b99e49ff694b,C000001,S4_delivery_delay,C000001_E01,MW04,2026-01-01T08:06:24,agent,planning,assess_production_impact,work,EvaluateCapacityLoss,MES.capacity,Machine,,,success,0,7c3c3653-71ed-4be8-b442-8c991bcb0fff
93dffdc0-ed87-402c-a4ac-db8e1748587f,C000001,S4_delivery_delay,C000001_E01,MW04,2026-01-01T08:07:05,agent,planning,assess_production_impact,outcome,IdentifyAffectedOrders,IdentifyAffectedOrders,ProductionOrder,,,failed,0,2af3031e-5386-4116-83c0-b99e49ff694b
2a251712-37df-4ec7-8905-90635160e6f2,C000001,S4_delivery_delay,C000001_E01,MW04,2026-01-01T08:07:18,agent,planning,assess_production_impact,outcome,IdentifyAffectedOrders,IdentifyAffectedOrders,ProductionOrder,,,success,1,93dffdc0-ed87-402c-a4ac-db8e1748587f
ba574564-2714-4465-87bc-7dc65e5ca7ba,C000001,S4_delivery_delay,C000001_E02,MW05,2026-01-01T08:07:58,agent,planning,assess_delivery_risk,work,RetrieveCustomerCommitments,CRM.deliveryPromise,ProductionOrder,,,success,0,2a251712-37df-4ec7-8905-90635160e6f2
d39f5e53-c442-4a89-acd2-0d472876afd9,C000001,S4_delivery_delay,C000001_E02,MW05,2026-01-01T08:08:31,human,specialist,assess_delivery_risk,work,EstimateOrderDelay,EstimateOrderDelay,ProductionOrder,,,success,0,ba574564-2714-4465-87bc-7dc65e5ca7ba
1743e564-ca2d-4d60-9594-1aaa16ae64da,C000001,S4_delivery_delay,C000001_E02,MW05,2026-01-01T08:09:02,agent,planning,assess_delivery_risk,outcome,ClassifyDeliveryRisk,ClassifyDeliveryRisk,ProductionOrder,,,success,0,d39f5e53-c442-4a89-acd2-0d472876afd9
cd572514-4691-48e0-8a71-18972885927b,C000001,S4_delivery_delay,C000001_E03,MW06,2026-01-01T08:09:12,human,specialist,design_recovery,work,GenerateRecoveryOptions,GenerateRecoveryOptions,OperationalCase,,,success,0,1743e564-ca2d-4d60-9594-1aaa16ae64da
54d23cb1-d9f8-4e5b-a2fb-e243408a1e85,C000001,S4_delivery_delay,C000001_E03,MW06,2026-01-01T08:09:46,agent,planning,design_recovery,work,CheckAlternateCapacity,APS.altCapacity,Machine,,,success,0,cd572514-4691-48e0-8a71-18972885927b
6263006b-0113-4ff3-ac9f-ac51924c78d5,C000001,S4_delivery_delay,C000001_E03,MW06,2026-01-01T08:10:23,agent,planning,design_recovery,work,EvaluateRecoveryTradeoffs,EvaluateRecoveryTradeoffs,OperationalCase,,,success,0,54d23cb1-d9f8-4e5b-a2fb-e243408a1e85
94ff1bad-628e-4287-a68b-ed6a3dddf42c,C000001,S4_delivery_delay,C000001_E03,MW06,2026-01-01T08:11:19,agent,production,design_recovery,outcome,RecommendRecoveryPlan,RecommendRecoveryPlan,OperationalCase,,,success,0,6263006b-0113-4ff3-ac9f-ac51924c78d5
c60be71d-fa7e-49bf-be6d-be8b57419d95,C000001,S4_delivery_delay,C000001_E04,MW07,2026-01-01T08:12:15,agent,maintenance,incidental_activity,noise,QueryNonCriticalMetric,QueryNonCriticalMetric,Material,,,success,0,94ff1bad-628e-4287-a68b-ed6a3dddf42c
00eba09f-16d5-497d-ba8f-b6f1e65bf821,C000001,S4_delivery_delay,C000001_E04,MW07,2026-01-01T08:12:24,agent,production,request_approval,work,SubmitRecoveryProposal,SubmitRecoveryProposal,OperationalCase,,,success,0,c60be71d-fa7e-49bf-be6d-be8b57419d95
effb149f-b645-42da-b5bc-0103180d313f,C000001,S4_delivery_delay,C000001_E04,MW07,2026-01-01T08:13:04,human,supervisor,review_proposal,work,ReviewRecoveryProposal,ReviewRecoveryProposal,OperationalCase,,,success,0,00eba09f-16d5-497d-ba8f-b6f1e65bf821
acbabbfd-78a2-4ea4-8057-34b5f558800d,C000001,S4_delivery_delay,C000001_E04,MW07,2026-01-01T08:13:49,human,supervisor,decide_approval,work,ResolveApprovalDecision,ResolveApprovalDecision,OperationalCase,,,failed,0,effb149f-b645-42da-b5bc-0103180d313f
21c5b271-dfb5-47d8-a0c4-c87bc5a87384,C000001,S4_delivery_delay,C000001_E04,MW07,2026-01-01T08:13:57,human,supervisor,decide_approval,work,ResolveApprovalDecision,ResolveApprovalDecision,OperationalCase,,,success,1,acbabbfd-78a2-4ea4-8057-34b5f558800d
3f381f56-ce29-47c1-bf25-ad379b2d759b,C000001,S4_delivery_delay,C000001_E04,MW07,2026-01-01T08:14:40,agent,production,finalize_approval,outcome,PublishApprovedPlan,PublishApprovedPlan,OperationalCase,,,success,0,21c5b271-dfb5-47d8-a0c4-c87bc5a87384
5971f1cd-4183-484c-8182-51ae587ab9f4,C000001,S4_delivery_delay,C000001_E05,MW08,2026-01-01T08:15:02,agent,production,execute_recovery,work,ExecuteRecoveryAction,ProductionAgent.executePlan,OperationalCase,,,success,0,3f381f56-ce29-47c1-bf25-ad379b2d759b
28897fe1-6492-49b5-9cf4-58bdefa384c0,C000001,S4_delivery_delay,C000001_E05,MW08,2026-01-01T08:15:32,agent,production,verify_recovery,work,MonitorProductionState,MonitorProductionState,OperationalCase,,,success,0,5971f1cd-4183-484c-8182-51ae587ab9f4
5a9c1c18-863b-4867-8b60-a9be84fb3d62,C000001,S4_delivery_delay,C000001_E05,MW08,2026-01-01T08:16:29,agent,production,verify_recovery,work,VerifyRecoveryOutcome,VerifyRecoveryOutcome,OperationalCase,,,success,0,28897fe1-6492-49b5-9cf4-58bdefa384c0
4345ba28-c6a9-44c5-955a-7c1c85701c3b,C000001,S4_delivery_delay,C000001_E05,MW08,2026-01-01T08:17:12,agent,production,close_case,outcome,CloseOperationalEpisode,CloseOperationalEpisode,OperationalCase,,,success,0,5a9c1c18-863b-4867-8b60-a9be84fb3d62
6c775908-2e3c-4cbe-93c9-21c3befa5543,C000002,S2_breakdown_schedule,C000002_E00,MW01,2026-01-01T08:06:00,agent,production,understand_abnormality,trigger,ReceiveAbnormalityEvent,ReceiveAbnormalityEvent,OperationalCase,,,success,0,
a9b566f8-d7a7-473a-a599-55c8f90a1464,C000002,S2_breakdown_schedule,C000002_E00,MW01,2026-01-01T08:06:19,agent,production,collect_context,work,GetMachineStatus,OpsAgent.machineContext,Machine,,,success,0,6c775908-2e3c-4cbe-93c9-21c3befa5543
1731a9b8-b5a7-4acd-9c08-6fbbd465f38a,C000002,S2_breakdown_schedule,C000002_E00,MW01,2026-01-01T08:06:32,agent,maintenance,collect_context,work,GetRecentAlarm,SCADA.recentAlarm,Machine,,,success,0,a9b566f8-d7a7-473a-a599-55c8f90a1464
c0bae3e0-17a5-4a5a-8f80-394d9d39c5c1,C000002,S2_breakdown_schedule,C000002_E00,MW01,2026-01-01T08:07:17,agent,production,collect_context,work,GetCurrentProductionOrder,MES.getWorkOrder,ProductionOrder,,,success,0,1731a9b8-b5a7-4acd-9c08-6fbbd465f38a
13273c00-2519-4bac-96db-b7d93dc0ecaf,C000002,S2_breakdown_schedule,C000002_E00,MW01,2026-01-01T08:07:59,agent,production,synthesize_context,outcome,BuildOperationalContext,BuildOperationalContext,OperationalCase,,,success,0,c0bae3e0-17a5-4a5a-8f80-394d9d39c5c1
9f071c51-35c3-47e1-99de-67ab282f5d14,C000002,S2_breakdown_schedule,C000002_E01,MW02,2026-01-01T08:08:13,agent,maintenance,investigate_cause,work,GetAlarmHistory,Historian.readAlarm,Machine,,,success,0,13273c00-2519-4bac-96db-b7d93dc0ecaf
9c275f14-0422-4ecf-a56f-4bbaee3ee898,C000002,S2_breakdown_schedule,C000002_E01,MW02,2026-01-01T08:08:55,agent,maintenance,investigate_cause,work,GetMaintenanceHistory,MaintenanceAgent.workHistory,MaintenanceRequest,,,success,0,9f071c51-35c3-47e1-99de-67ab282f5d14
ba7d5889-e21a-4fbb-9c66-86aa459c4455,C000002,S2_breakdown_schedule,C000002_E01,MW02,2026-01-01T08:09:38,agent,production,investigate_cause,work,GetProcessParameters,ProductionAgent.parameters,OperationalCase,,,success,0,9c275f14-0422-4ecf-a56f-4bbaee3ee898
3061b7da-750a-4de9-a0bd-8933bc5aa813,C000002,S2_breakdown_schedule,C000002_E01,MW02,2026-01-01T08:10:00,human,specialist,coordinate_evidence,work,RequestSpecialistEvidence,RequestSpecialistEvidence,OperationalCase,,,success,0,ba7d5889-e21a-4fbb-9c66-86aa459c4455
d8a6c6e5-6300-4714-8e30-53aa905c1a7c,C000002,S2_breakdown_schedule,C000002_E01,MW02,2026-01-01T08:10:38,agent,maintenance,synthesize_evidence,outcome,BuildRootCauseEvidencePackage,BuildRootCauseEvidencePackage,OperationalCase,,,success,0,3061b7da-750a-4de9-a0bd-8933bc5aa813
5d4ef1fd-5671-4f52-8f7a-d66d28fe4ef6,C000002,S2_breakdown_schedule,C000002_E02,MW04,2026-01-01T08:11:01,agent,production,assess_production_impact,work,IdentifyAffectedResource,IdentifyAffectedResource,OperationalCase,,,success,0,d8a6c6e5-6300-4714-8e30-53aa905c1a7c
a0749e08-fc8d-4ffe-a48e-963a15138201,C000002,S2_breakdown_schedule,C000002_E02,MW04,2026-01-01T08:11:53,agent,production,assess_production_impact,work,RetrieveActiveOrders,SAP.productionOrders,ProductionOrder,,,success,0,5d4ef1fd-5671-4f52-8f7a-d66d28fe4ef6
f6958830-1cc1-4795-922b-150e3028a1ba,C000002,S2_breakdown_schedule,C000002_E02,MW04,2026-01-01T08:12:17,human,specialist,assess_production_impact,work,RetrieveSchedule,APS.schedule,ProductionOrder,,,success,0,a0749e08-fc8d-4ffe-a48e-963a15138201
6ac00173-1bcc-4b7e-b5e0-1357e9cc4cbc,C000002,S2_breakdown_schedule,C000002_E02,MW04,2026-01-01T08:13:09,agent,planning,assess_production_impact,work,EvaluateCapacityLoss,MES.capacity,Machine,,,success,0,f6958830-1cc1-4795-922b-150e3028a1ba
5f5a16da-57bf-48db-a3c3-31068227e11f,C000002,S2_breakdown_schedule,C000002_E02,MW04,2026-01-01T08:13:44,agent,planning,assess_production_impact,outcome,IdentifyAffectedOrders,IdentifyAffectedOrders,ProductionOrder,,,success,0,6ac00173-1bcc-4b7e-b5e0-1357e9cc4cbc
93bac8e8-3213-4175-b73d-9f1ea7ced064,C000002,S2_breakdown_schedule,C000002_E03,MW06,2026-01-01T08:14:40,agent,production,design_recovery,work,GenerateRecoveryOptions,GenerateRecoveryOptions,OperationalCase,,,success,0,5f5a16da-57bf-48db-a3c3-31068227e11f
1b68b07f-c10e-4ba2-a338-a50f4ba9932f,C000002,S2_breakdown_schedule,C000002_E03,MW06,2026-01-01T08:15:23,agent,planning,design_recovery,work,CheckAlternateCapacity,APS.altCapacity,Machine,,,success,0,93bac8e8-3213-4175-b73d-9f1ea7ced064
97f6bbdf-70c6-4c31-9546-e3e690941b64,C000002,S2_breakdown_schedule,C000002_E03,MW06,2026-01-01T08:15:39,agent,planning,design_recovery,work,EvaluateRecoveryTradeoffs,EvaluateRecoveryTradeoffs,OperationalCase,,,success,0,1b68b07f-c10e-4ba2-a338-a50f4ba9932f
4e2577d3-1264-4e50-a7c4-335c949b2b5d,C000002,S2_breakdown_schedule,C000002_E03,MW06,2026-01-01T08:16:00,agent,production,design_recovery,outcome,RecommendRecoveryPlan,RecommendRecoveryPlan,OperationalCase,,,success,0,97f6bbdf-70c6-4c31-9546-e3e690941b64
ba90c671-504e-4763-8627-19dfcbe51ddb,C000002,S2_breakdown_schedule,C000002_E04,MW07,2026-01-01T08:16:53,agent,production,request_approval,work,SubmitRecoveryProposal,SubmitRecoveryProposal,OperationalCase,,,success,0,4e2577d3-1264-4e50-a7c4-335c949b2b5d
b32046d5-91eb-4401-bbc4-4cb7ce599723,C000002,S2_breakdown_schedule,C000002_E04,MW07,2026-01-01T08:17:47,human,supervisor,review_proposal,work,ReviewRecoveryProposal,ReviewRecoveryProposal,OperationalCase,,,success,0,ba90c671-504e-4763-8627-19dfcbe51ddb
8be0ad22-ffa1-4240-8874-27ee2ba662e7,C000002,S2_breakdown_schedule,C000002_E04,MW07,2026-01-01T08:18:41,human,supervisor,decide_approval,work,ResolveApprovalDecision,ResolveApprovalDecision,OperationalCase,,,success,0,b32046d5-91eb-4401-bbc4-4cb7ce599723
ded524ef-4fa1-4d21-b774-fed823ec7eba,C000002,S2_breakdown_schedule,C000002_E04,MW07,2026-01-01T08:19:08,agent,production,finalize_approval,outcome,PublishApprovedPlan,PublishApprovedPlan,OperationalCase,,,success,0,8be0ad22-ffa1-4240-8874-27ee2ba662e7
af198617-930e-41dc-a42f-fd9bd50316ac,C000002,S2_breakdown_schedule,C000002_E05,MW08,2026-01-01T08:19:23,human,specialist,execute_recovery,work,ExecuteRecoveryAction,ProductionAgent.executePlan,OperationalCase,,,failed,0,ded524ef-4fa1-4d21-b774-fed823ec7eba
da6d81f8-9ac2-4c75-a1d1-8ae3c5ddbaa5,C000002,S2_breakdown_schedule,C000002_E05,MW08,2026-01-01T08:19:41,human,specialist,execute_recovery,work,ExecuteRecoveryAction,APS.publishSchedule,OperationalCase,,,success,1,af198617-930e-41dc-a42f-fd9bd50316ac
f3b2761e-a430-43c2-95c4-e3fb7e827c19,C000002,S2_breakdown_schedule,C000002_E05,MW08,2026-01-01T08:20:30,agent,production,verify_recovery,work,MonitorProductionState,MonitorProductionState,OperationalCase,,,success,0,da6d81f8-9ac2-4c75-a1d1-8ae3c5ddbaa5
2ba7344f-b275-4f0b-8bcc-6ccfb908765c,C000002,S2_breakdown_schedule,C000002_E05,MW08,2026-01-01T08:20:47,agent,production,verify_recovery,work,VerifyRecoveryOutcome,VerifyRecoveryOutcome,OperationalCase,,,success,0,f3b2761e-a430-43c2-95c4-e3fb7e827c19
e798d90e-d9b8-4ba6-a7a6-28802e54b13d,C000002,S2_breakdown_schedule,C000002_E05,MW08,2026-01-01T08:21:16,agent,production,close_case,outcome,CloseOperationalEpisode,CloseOperationalEpisode,OperationalCase,,,success,0,2ba7344f-b275-4f0b-8bcc-6ccfb908765c
58196293-4c31-4402-941f-312da94affd1,C000003,S5_complex_cross_functional,C000003_E00,MW01,2026-01-01T08:09:00,agent,production,understand_abnormality,trigger,ReceiveAbnormalityEvent,ReceiveAbnormalityEvent,OperationalCase,,,success,0,
308271dc-2766-4059-a901-eaace1465cc9,C000003,S5_complex_cross_functional,C000003_E00,MW01,2026-01-01T08:09:11,agent,production,collect_context,work,GetMachineStatus,SCADA.readMachine,Machine,,,success,0,58196293-4c31-4402-941f-312da94affd1
9f648812-a422-4e21-a80c-55582b6ddf90,C000003,S5_complex_cross_functional,C000003_E00,MW01,2026-01-01T08:09:36,human,specialist,collect_context,work,GetCurrentProductionOrder,SAP.readProductionOrder,ProductionOrder,,,success,0,308271dc-2766-4059-a901-eaace1465cc9
d0ca73fb-92e9-4449-ae44-9764ee0ccaeb,C000003,S5_complex_cross_functional,C000003_E00,MW01,2026-01-01T08:10:28,agent,maintenance,collect_context,work,GetRecentAlarm,AlarmAgent.lookup,Machine,,,success,0,9f648812-a422-4e21-a80c-55582b6ddf90
6179e1a9-ccac-4cfe-8086-7a16fd00cb4c,C000003,S5_complex_cross_functional,C000003_E00,MW01,2026-01-01T08:10:57,agent,production,synthesize_context,outcome,BuildOperationalContext,BuildOperationalContext,OperationalCase,,,success,0,d0ca73fb-92e9-4449-ae44-9764ee0ccaeb
3db8593f-86f9-4f69-a4c9-a9cd91fb4613,C000003,S5_complex_cross_functional,C000003_E01,MW02,2026-01-01T08:11:52,agent,maintenance,investigate_cause,work,GetAlarmHistory,SCADA.alarmHistory,Machine,,,success,0,6179e1a9-ccac-4cfe-8086-7a16fd00cb4c
a70c1cd7-017d-49ac-98fe-c92c2b6f4c54,C000003,S5_complex_cross_functional,C000003_E01,MW02,2026-01-01T08:12:06,agent,maintenance,investigate_cause,work,GetMaintenanceHistory,CMMS.history,MaintenanceRequest,,,success,0,3db8593f-86f9-4f69-a4c9-a9cd91fb4613
27fe309e-e8fd-4078-905c-832b80d0616f,C000003,S5_complex_cross_functional,C000003_E01,MW02,2026-01-01T08:12:21,agent,production,investigate_cause,work,GetProcessParameters,Historian.processWindow,OperationalCase,,,success,0,a70c1cd7-017d-49ac-98fe-c92c2b6f4c54
eac2dde6-0e0f-464f-8b42-a2ca2e87e715,C000003,S5_complex_cross_functional,C000003_E01,MW02,2026-01-01T08:13:09,agent,maintenance,coordinate_evidence,work,RequestSpecialistEvidence,RequestSpecialistEvidence,OperationalCase,,,success,0,27fe309e-e8fd-4078-905c-832b80d0616f
b84fafc5-a164-4d45-b1fe-b374547e9e9c,C000003,S5_complex_cross_functional,C000003_E01,MW02,2026-01-01T08:13:29,agent,maintenance,synthesize_evidence,outcome,BuildRootCauseEvidencePackage,BuildRootCauseEvidencePackage,OperationalCase,,,success,0,eac2dde6-0e0f-464f-8b42-a2ca2e87e715
f8c30fcf-d2cf-48ff-a2f2-600d2bde905c,C000003,S5_complex_cross_functional,C000003_E02,MW03,2026-01-01T08:14:00,agent,quality,assess_quality_impact,work,IdentifyAffectedWIP,QMS.relatedWIP,QualityIssue,,,success,0,b84fafc5-a164-4d45-b1fe-b374547e9e9c
680d2f31-548a-4b76-baf4-bdeda093427c,C000003,S5_complex_cross_functional,C000003_E02,MW03,2026-01-01T08:14:21,agent,production,incidental_activity,noise,OpenReferenceDocument,OpenReferenceDocument,ProductionOrder,,,success,0,f8c30fcf-d2cf-48ff-a2f2-600d2bde905c
34127b7c-d2fc-4fbc-882e-4bb510079ec8,C000003,S5_complex_cross_functional,C000003_E02,MW03,2026-01-01T08:14:34,agent,quality,assess_quality_impact,work,GetInspectionResults,QualityAgent.inspection,QualityIssue,,,success,0,680d2f31-548a-4b76-baf4-bdeda093427c
b4e13f8b-ce82-44b6-9ba5-a26bdd23b175,C000003,S5_complex_cross_functional,C000003_E02,MW03,2026-01-01T08:15:33,agent,production,incidental_activity,noise,CheckShiftCalendar,CheckShiftCalendar,Machine,,,success,0,34127b7c-d2fc-4fbc-882e-4bb510079ec8
2e57eeef-ef45-4262-b803-4a673708b8b8,C000003,S5_complex_cross_functional,C000003_E02,MW03,2026-01-01T08:15:50,agent,quality,assess_quality_impact,work,GetQualitySpecification,PLM.qualitySpec,QualityIssue,,,success,0,b4e13f8b-ce82-44b6-9ba5-a26bdd23b175
ebec0c41-fe20-419e-803d-5515ba788f02,C000003,S5_complex_cross_functional,C000003_E02,MW03,2026-01-01T08:16:19,agent,quality,assess_quality_impact,outcome,ClassifyQualityRisk,ClassifyQualityRisk,QualityIssue,,,success,0,2e57eeef-ef45-4262-b803-4a673708b8b8
8bae442c-2922-462b-9e34-d3c22c43ca40,C000003,S5_complex_cross_functional,C000003_E03,MW04,2026-01-01T08:17:17,agent,production,assess_production_impact,work,IdentifyAffectedResource,IdentifyAffectedResource,OperationalCase,,,success,0,ebec0c41-fe20-419e-803d-5515ba788f02
7d58230e-49fa-4147-bfdf-f7fd61f991f8,C000003,S5_complex_cross_functional,C000003_E03,MW04,2026-01-01T08:18:13,human,specialist,assess_production_impact,work,RetrieveActiveOrders,ProductionAgent.orders,ProductionOrder,,,success,0,8bae442c-2922-462b-9e34-d3c22c43ca40
c2cecb1d-39b5-4a46-a075-17ff424c8314,C000003,S5_complex_cross_functional,C000003_E03,MW04,2026-01-01T08:18:32,agent,maintenance,incidental_activity,noise,QueryNonCriticalMetric,QueryNonCriticalMetric,Material,,,success,0,7d58230e-49fa-4147-bfdf-f7fd61f991f8
2fb9f8e0-2bcc-4876-a19d-a4b98163c401,C000003,S5_complex_cross_functional,C000003_E03,MW04,2026-01-01T08:18:53,human,specialist,assess_production_impact,work,RetrieveSchedule,PlanningAgent.schedule,ProductionOrder,,,success,0,c2cecb1d-39b5-4a46-a075-17ff424c8314
b0aa3c24-290c-499b-93ec-0f84813fc4d9,C000003,S5_complex_cross_functional,C000003_E03,MW04,2026-01-01T08:19:39,agent,planning,assess_production_impact,work,EvaluateCapacityLoss,MES.capacity,Machine,,,success,0,2fb9f8e0-2bcc-4876-a19d-a4b98163c401
124e72cd-cb6d-45f9-96c5-393510cccc92,C000003,S5_complex_cross_functional,C000003_E03,MW04,2026-01-01T08:20:34,agent,planning,assess_production_impact,outcome,IdentifyAffectedOrders,IdentifyAffectedOrders,ProductionOrder,,,success,0,b0aa3c24-290c-499b-93ec-0f84813fc4d9
12675ef7-f6e7-4a1f-8888-22d6bf4e1c92,C000003,S5_complex_cross_functional,C000003_E04,MW05,2026-01-01T08:20:45,agent,planning,assess_delivery_risk,work,RetrieveCustomerCommitments,ERP.customerCommitments,ProductionOrder,,,success,0,124e72cd-cb6d-45f9-96c5-393510cccc92
455fd05c-6750-42fa-ad91-5ebf5e16a125,C000003,S5_complex_cross_functional,C000003_E04,MW05,2026-01-01T08:21:35,agent,planning,incidental_activity,noise,QueryNonCriticalMetric,QueryNonCriticalMetric,ProductionOrder,,,success,0,12675ef7-f6e7-4a1f-8888-22d6bf4e1c92
3ca2995c-b0b3-4b19-8507-96e96dac019c,C000003,S5_complex_cross_functional,C000003_E04,MW05,2026-01-01T08:21:48,human,specialist,assess_delivery_risk,work,EstimateOrderDelay,EstimateOrderDelay,ProductionOrder,,,success,0,455fd05c-6750-42fa-ad91-5ebf5e16a125
a2168e4f-6393-4a74-8fc4-aca86deff2f4,C000003,S5_complex_cross_functional,C000003_E04,MW05,2026-01-01T08:22:45,agent,planning,assess_delivery_risk,outcome,ClassifyDeliveryRisk,ClassifyDeliveryRisk,ProductionOrder,,,success,0,3ca2995c-b0b3-4b19-8507-96e96dac019c
3afc73ae-ac5c-4326-93ec-d9da46744c4f,C000003,S5_complex_cross_functional,C000003_E05,MW06,2026-01-01T08:23:28,agent,production,design_recovery,work,GenerateRecoveryOptions,GenerateRecoveryOptions,OperationalCase,,,success,0,a2168e4f-6393-4a74-8fc4-aca86deff2f4
f136255c-c845-4f82-843a-3c6eea73ec9a,C000003,S5_complex_cross_functional,C000003_E05,MW06,2026-01-01T08:23:51,agent,planning,design_recovery,work,CheckAlternateCapacity,PlanningAgent.altCapacity,Machine,,,success,0,3afc73ae-ac5c-4326-93ec-d9da46744c4f
45a184a0-aa33-4a0c-9a40-7f9c76094224,C000003,S5_complex_cross_functional,C000003_E05,MW06,2026-01-01T08:24:05,agent,production,design_recovery,outcome,RecommendRecoveryPlan,RecommendRecoveryPlan,OperationalCase,,,success,0,f136255c-c845-4f82-843a-3c6eea73ec9a
b696ca57-691d-4f19-9b83-380975af78a5,C000003,S5_complex_cross_functional,C000003_E06,MW07,2026-01-01T08:24:54,agent,production,request_approval,work,SubmitRecoveryProposal,SubmitRecoveryProposal,OperationalCase,,,success,0,45a184a0-aa33-4a0c-9a40-7f9c76094224
b67b0b95-bae9-491a-93ed-0c2836f5dd57,C000003,S5_complex_cross_functional,C000003_E06,MW07,2026-01-01T08:25:48,human,supervisor,review_proposal,work,ReviewRecoveryProposal,ReviewRecoveryProposal,OperationalCase,,,success,0,b696ca57-691d-4f19-9b83-380975af78a5
590907d3-f36e-4469-9bae-2d5e15867ef0,C000003,S5_complex_cross_functional,C000003_E06,MW07,2026-01-01T08:25:58,human,supervisor,decide_approval,work,ResolveApprovalDecision,ResolveApprovalDecision,OperationalCase,,,success,0,b67b0b95-bae9-491a-93ed-0c2836f5dd57
371f665d-4a0b-49a6-ad0b-92b162c1fb24,C000003,S5_complex_cross_functional,C000003_E06,MW07,2026-01-01T08:26:51,agent,production,finalize_approval,outcome,PublishApprovedPlan,PublishApprovedPlan,OperationalCase,,,success,0,590907d3-f36e-4469-9bae-2d5e15867ef0
b25738ec-2512-48c2-bf62-e3d6708524bb,C000003,S5_complex_cross_functional,C000003_E07,MW08,2026-01-01T08:27:46,human,specialist,execute_recovery,work,ExecuteRecoveryAction,MES.executeChange,OperationalCase,,,success,0,371f665d-4a0b-49a6-ad0b-92b162c1fb24
3af73e3f-6191-440c-8b57-10bfaab00e5f,C000003,S5_complex_cross_functional,C000003_E07,MW08,2026-01-01T08:28:15,agent,production,verify_recovery,work,MonitorProductionState,MonitorProductionState,OperationalCase,,,failed,0,b25738ec-2512-48c2-bf62-e3d6708524bb
80768931-9a16-48ae-b705-c713aaf47f35,C000003,S5_complex_cross_functional,C000003_E07,MW08,2026-01-01T08:28:34,agent,production,verify_recovery,work,MonitorProductionState,MonitorProductionState,OperationalCase,,,success,1,3af73e3f-6191-440c-8b57-10bfaab00e5f
be8e0fe8-ec67-4d20-8be3-3d74f013bd4a,C000003,S5_complex_cross_functional,C000003_E07,MW08,2026-01-01T08:28:48,agent,production,verify_recovery,work,VerifyRecoveryOutcome,VerifyRecoveryOutcome,OperationalCase,,,success,0,80768931-9a16-48ae-b705-c713aaf47f35
dfb30b2b-3da7-4bbe-aa93-00f745078111,C000003,S5_complex_cross_functional,C000003_E07,MW08,2026-01-01T08:29:15,agent,production,close_case,outcome,CloseOperationalEpisode,CloseOperationalEpisode,OperationalCase,,,success,0,be8e0fe8-ec67-4d20-8be3-3d74f013bd4a
93767a48-db1d-4334-9847-421ca077fc03,C000004,S5_complex_cross_functional,C000004_E00,MW01,2026-01-01T08:12:00,agent,production,understand_abnormality,trigger,ReceiveAbnormalityEvent,ReceiveAbnormalityEvent,OperationalCase,,,success,0,
459032a9-ae5f-43f5-8f78-ea816099ba1d,C000004,S5_complex_cross_functional,C000004_E00,MW01,2026-01-01T08:12:42,human,specialist,collect_context,work,GetMachineStatus,SCADA.readMachine,Machine,,,success,0,93767a48-db1d-4334-9847-421ca077fc03
e71396bb-0239-4ec8-91b3-fdb6fb5e0f4c,C000004,S5_complex_cross_functional,C000004_E00,MW01,2026-01-01T08:13:23,agent,production,collect_context,work,GetCurrentProductionOrder,ERP.queryOrder,ProductionOrder,,,success,0,459032a9-ae5f-43f5-8f78-ea816099ba1d
97c9152b-65aa-4364-a134-e122c047c499,C000004,S5_complex_cross_functional,C000004_E00,MW01,2026-01-01T08:14:01,agent,production,synthesize_context,outcome,BuildOperationalContext,BuildOperationalContext,OperationalCase,,,success,0,e71396bb-0239-4ec8-91b3-fdb6fb5e0f4c
22571e00-5091-4777-9244-64b273aad9a7,C000004,S5_complex_cross_functional,C000004_E01,MW02,2026-01-01T08:14:35,agent,maintenance,incidental_activity,noise,CheckShiftCalendar,CheckShiftCalendar,Machine,,,success,0,97c9152b-65aa-4364-a134-e122c047c499
9f59d341-c4df-4d9e-b6f9-13dffdc7b72f,C000004,S5_complex_cross_functional,C000004_E01,MW02,2026-01-01T08:14:46,agent,maintenance,investigate_cause,work,GetAlarmHistory,Historian.readAlarm,Machine,,,success,0,22571e00-5091-4777-9244-64b273aad9a7
90cf5090-0512-4c6a-8bfb-e6bee1873d75,C000004,S5_complex_cross_functional,C000004_E01,MW02,2026-01-01T08:15:12,agent,maintenance,investigate_cause,work,GetMaintenanceHistory,MaintenanceAgent.workHistory,MaintenanceRequest,,,success,0,9f59d341-c4df-4d9e-b6f9-13dffdc7b72f
086c6351-fb8b-4868-af03-b2e1ebdd04b8,C000004,S5_complex_cross_functional,C000004_E01,MW02,2026-01-01T08:15:26,agent,production,investigate_cause,work,GetProcessParameters,MES.processParams,OperationalCase,,,success,0,90cf5090-0512-4c6a-8bfb-e6bee1873d75
eb52db3f-959c-47fd-85b1-670ba50b6eff,C000004,S5_complex_cross_functional,C000004_E01,MW02,2026-01-01T08:15:53,agent,maintenance,coordinate_evidence,work,RequestSpecialistEvidence,RequestSpecialistEvidence,OperationalCase,,,success,0,086c6351-fb8b-4868-af03-b2e1ebdd04b8
1e712976-a78d-41b4-9978-ac87f243b3aa,C000004,S5_complex_cross_functional,C000004_E01,MW02,2026-01-01T08:16:12,agent,maintenance,synthesize_evidence,outcome,BuildRootCauseEvidencePackage,BuildRootCauseEvidencePackage,OperationalCase,,,success,0,eb52db3f-959c-47fd-85b1-670ba50b6eff
978b00eb-6dc6-40a6-8c01-21815c38c8a2,C000004,S5_complex_cross_functional,C000004_E02,MW03,2026-01-01T08:16:34,human,specialist,assess_quality_impact,work,IdentifyAffectedWIP,QMS.relatedWIP,QualityIssue,,,success,0,1e712976-a78d-41b4-9978-ac87f243b3aa
29a9bd7f-ab5a-4c06-900e-e72ed3d80bde,C000004,S5_complex_cross_functional,C000004_E02,MW03,2026-01-01T08:17:19,agent,quality,assess_quality_impact,work,GetInspectionResults,QualityAgent.inspection,QualityIssue,,,success,0,978b00eb-6dc6-40a6-8c01-21815c38c8a2
9916bcd0-8ac6-4de1-aa45-478142af00f9,C000004,S5_complex_cross_functional,C000004_E02,MW03,2026-01-01T08:17:55,agent,quality,assess_quality_impact,work,GetQualitySpecification,PLM.qualitySpec,QualityIssue,,,success,0,29a9bd7f-ab5a-4c06-900e-e72ed3d80bde
df7912a3-c279-4eb7-b7a7-d70a03bd2fee,C000004,S5_complex_cross_functional,C000004_E02,MW03,2026-01-01T08:18:36,agent,planning,incidental_activity,noise,QueryNonCriticalMetric,QueryNonCriticalMetric,Machine,,,success,0,9916bcd0-8ac6-4de1-aa45-478142af00f9
267d21df-9db3-4617-b5ff-cbac2e139642,C000004,S5_complex_cross_functional,C000004_E02,MW03,2026-01-01T08:18:56,agent,quality,assess_quality_impact,outcome,ClassifyQualityRisk,ClassifyQualityRisk,QualityIssue,,,success,0,df7912a3-c279-4eb7-b7a7-d70a03bd2fee
fa17c0f1-07cc-4632-a28d-7210a409be3b,C000004,S5_complex_cross_functional,C000004_E03,MW04,2026-01-01T08:19:22,agent,production,assess_production_impact,work,IdentifyAffectedResource,IdentifyAffectedResource,OperationalCase,,,success,0,267d21df-9db3-4617-b5ff-cbac2e139642
078ec13b-582b-4433-b517-e5a382a0ade0,C000004,S5_complex_cross_functional,C000004_E03,MW04,2026-01-01T08:20:07,human,specialist,assess_production_impact,work,RetrieveActiveOrders,MES.activeOrders,ProductionOrder,,,success,0,fa17c0f1-07cc-4632-a28d-7210a409be3b
69a67c75-230e-408d-b466-0b856c37e4d7,C000004,S5_complex_cross_functional,C000004_E03,MW04,2026-01-01T08:20:30,agent,planning,assess_production_impact,work,RetrieveSchedule,MES.currentSchedule,ProductionOrder,,,success,0,078ec13b-582b-4433-b517-e5a382a0ade0
d147eed8-978c-45b8-9b77-ffa50c57cd65,C000004,S5_complex_cross_functional,C000004_E03,MW04,2026-01-01T08:21:01,agent,planning,assess_production_impact,work,EvaluateCapacityLoss,APS.capacityImpact,Machine,,,success,0,69a67c75-230e-408d-b466-0b856c37e4d7
1a925517-e6cd-483e-b6f6-ddc5360cfbb2,C000004,S5_complex_cross_functional,C000004_E03,MW04,2026-01-01T08:21:26,agent,planning,assess_production_impact,outcome,IdentifyAffectedOrders,IdentifyAffectedOrders,ProductionOrder,,,success,0,d147eed8-978c-45b8-9b77-ffa50c57cd65
8ee4f834-6056-437f-bfb4-d32dfc955409,C000004,S5_complex_cross_functional,C000004_E04,MW05,2026-01-01T08:21:51,human,specialist,assess_delivery_risk,work,RetrieveCustomerCommitments,CRM.deliveryPromise,ProductionOrder,,,success,0,1a925517-e6cd-483e-b6f6-ddc5360cfbb2
8c8eb3a5-6c31-4ed9-a22a-d5c26985625a,C000004,S5_complex_cross_functional,C000004_E04,MW05,2026-01-01T08:22:27,agent,planning,assess_delivery_risk,work,EstimateOrderDelay,EstimateOrderDelay,ProductionOrder,,,success,0,8ee4f834-6056-437f-bfb4-d32dfc955409
058daf02-da1f-41dc-870b-549882563a6a,C000004,S5_complex_cross_functional,C000004_E04,MW05,2026-01-01T08:23:25,agent,planning,assess_delivery_risk,outcome,ClassifyDeliveryRisk,ClassifyDeliveryRisk,ProductionOrder,,,success,0,8c8eb3a5-6c31-4ed9-a22a-d5c26985625a
c4a768e1-0484-4830-bb53-2615fd4adc54,C000004,S5_complex_cross_functional,C000004_E05,MW06,2026-01-01T08:23:43,agent,production,design_recovery,work,GenerateRecoveryOptions,GenerateRecoveryOptions,OperationalCase,,,success,0,058daf02-da1f-41dc-870b-549882563a6a
92226251-080e-4a76-b801-290447ee0118,C000004,S5_complex_cross_functional,C000004_E05,MW06,2026-01-01T08:24:08,agent,planning,design_recovery,work,CheckAlternateCapacity,PlanningAgent.altCapacity,Machine,,,success,0,c4a768e1-0484-4830-bb53-2615fd4adc54
70a5ddb2-9f85-4fc7-b2fc-18ce8519cd46,C000004,S5_complex_cross_functional,C000004_E05,MW06,2026-01-01T08:24:19,agent,planning,design_recovery,work,EvaluateRecoveryTradeoffs,EvaluateRecoveryTradeoffs,OperationalCase,,,success,0,92226251-080e-4a76-b801-290447ee0118
3ed6ce19-6501-457b-a022-556b23aa72e6,C000004,S5_complex_cross_functional,C000004_E05,MW06,2026-01-01T08:24:59,agent,production,design_recovery,outcome,RecommendRecoveryPlan,RecommendRecoveryPlan,OperationalCase,,,success,0,70a5ddb2-9f85-4fc7-b2fc-18ce8519cd46
f3747526-2e90-46b6-a60e-299c23907e9d,C000004,S5_complex_cross_functional,C000004_E06,MW07,2026-01-01T08:25:42,human,specialist,request_approval,work,SubmitRecoveryProposal,SubmitRecoveryProposal,OperationalCase,,,success,0,3ed6ce19-6501-457b-a022-556b23aa72e6
eed4fbb6-ce13-4f53-8ae6-2a01af722340,C000004,S5_complex_cross_functional,C000004_E06,MW07,2026-01-01T08:26:25,human,supervisor,review_proposal,work,ReviewRecoveryProposal,ReviewRecoveryProposal,OperationalCase,,,success,0,f3747526-2e90-46b6-a60e-299c23907e9d
8d7bc649-dd94-446c-a25f-db14319a7537,C000004,S5_complex_cross_functional,C000004_E06,MW07,2026-01-01T08:27:21,human,supervisor,decide_approval,work,ResolveApprovalDecision,ResolveApprovalDecision,OperationalCase,,,success,0,eed4fbb6-ce13-4f53-8ae6-2a01af722340
ec7c7a7c-8db6-4599-a777-e4e90da8dfc8,C000004,S5_complex_cross_functional,C000004_E06,MW07,2026-01-01T08:28:00,agent,production,finalize_approval,outcome,PublishApprovedPlan,PublishApprovedPlan,OperationalCase,,,failed,0,8d7bc649-dd94-446c-a25f-db14319a7537
f0cb5137-4b2d-405e-b7f1-ed08b758b9af,C000004,S5_complex_cross_functional,C000004_E06,MW07,2026-01-01T08:28:09,agent,production,finalize_approval,outcome,PublishApprovedPlan,PublishApprovedPlan,OperationalCase,,,success,1,ec7c7a7c-8db6-4599-a777-e4e90da8dfc8
c99a6cdc-3d05-43b9-a7e0-9574bd8d7cc5,C000004,S5_complex_cross_functional,C000004_E07,MW08,2026-01-01T08:28:33,agent,production,execute_recovery,work,ExecuteRecoveryAction,APS.publishSchedule,OperationalCase,,,success,0,f0cb5137-4b2d-405e-b7f1-ed08b758b9af
4ccdfd1a-8f19-4289-9cd9-7f818285fcda,C000004,S5_complex_cross_functional,C000004_E07,MW08,2026-01-01T08:29:27,human,specialist,verify_recovery,work,MonitorProductionState,MonitorProductionState,OperationalCase,,,success,0,c99a6cdc-3d05-43b9-a7e0-9574bd8d7cc5
2abe3bc5-383e-4d51-bcc2-51415a31a585,C000004,S5_complex_cross_functional,C000004_E07,MW08,2026-01-01T08:30:14,agent,production,close_case,outcome,CloseOperationalEpisode,CloseOperationalEpisode,OperationalCase,,,success,0,4ccdfd1a-8f19-4289-9cd9-7f818285fcda
7a543eda-0fd5-4e4c-b3b0-ef7b9cebf66c,C000004,S5_complex_cross_functional,C000004_E07,MW08,2026-01-01T08:30:24,agent,maintenance,incidental_activity,noise,CheckShiftCalendar,CheckShiftCalendar,ProductionOrder,,,success,0,2abe3bc5-383e-4d51-bcc2-51415a31a585
d272ea2d-ec92-4d23-8912-c2d0a155dc25,C000004,S5_complex_cross_functional,C000004_E07,MW08,2026-01-01T08:30:39,agent,production,verify_recovery,work,VerifyRecoveryOutcome,VerifyRecoveryOutcome,OperationalCase,,,success,0,7a543eda-0fd5-4e4c-b3b0-ef7b9cebf66c
0d10381d-e2f2-4a15-89ec-c50049405562,C000005,S5_complex_cross_functional,C000005_E00,MW01,2026-01-01T08:15:00,agent,production,understand_abnormality,trigger,ReceiveAbnormalityEvent,ReceiveAbnormalityEvent,OperationalCase,,,success,0,
3c2ab232-5df4-4515-939d-231e3e21ef2c,C000005,S5_complex_cross_functional,C000005_E00,MW01,2026-01-01T08:15:11,agent,production,collect_context,work,GetMachineStatus,MES.machineStatus,Machine,,,success,0,0d10381d-e2f2-4a15-89ec-c50049405562
6dc17707-4db3-4372-9af6-a9d616fbef97,C000005,S5_complex_cross_functional,C000005_E00,MW01,2026-01-01T08:15:37,agent,production,collect_context,work,GetCurrentProductionOrder,SAP.readProductionOrder,ProductionOrder,,,success,0,3c2ab232-5df4-4515-939d-231e3e21ef2c
0fab520e-bb8b-4ebf-8c8a-6dd8959c73f8,C000005,S5_complex_cross_functional,C000005_E00,MW01,2026-01-01T08:15:49,agent,maintenance,collect_context,work,GetRecentAlarm,MES.alarmQuery,Machine,,,success,0,6dc17707-4db3-4372-9af6-a9d616fbef97
bc8b2c21-6896-4774-8e92-9e9b051032f3,C000005,S5_complex_cross_functional,C000005_E00,MW01,2026-01-01T08:16:11,agent,production,incidental_activity,noise,CheckShiftCalendar,CheckShiftCalendar,Machine,,,success,0,0fab520e-bb8b-4ebf-8c8a-6dd8959c73f8
535e9656-c397-4a15-98f6-3a11e0ed0bef,C000005,S5_complex_cross_functional,C000005_E00,MW01,2026-01-01T08:16:31,agent,production,synthesize_context,outcome,BuildOperationalContext,BuildOperationalContext,OperationalCase,,,success,0,bc8b2c21-6896-4774-8e92-9e9b051032f3
2b8aa946-5725-4ab8-be18-af94a7f3e966,C000005,S5_complex_cross_functional,C000005_E01,MW02,2026-01-01T08:16:53,agent,maintenance,investigate_cause,work,GetAlarmHistory,Historian.readAlarm,Machine,,,success,0,535e9656-c397-4a15-98f6-3a11e0ed0bef
b6a3a245-b35b-4fbe-b31e-e79c818612c8,C000005,S5_complex_cross_functional,C000005_E01,MW02,2026-01-01T08:17:42,agent,maintenance,investigate_cause,work,GetMaintenanceHistory,MaintenanceAgent.workHistory,MaintenanceRequest,,,success,0,2b8aa946-5725-4ab8-be18-af94a7f3e966
5acd8d0a-63d8-402f-a828-8ce8e3282fd1,C000005,S5_complex_cross_functional,C000005_E01,MW02,2026-01-01T08:17:55,human,specialist,investigate_cause,work,GetProcessParameters,MES.processParams,OperationalCase,,,success,0,b6a3a245-b35b-4fbe-b31e-e79c818612c8
f60cbc01-0f00-485c-b486-e4a8253ef615,C000005,S5_complex_cross_functional,C000005_E01,MW02,2026-01-01T08:18:06,human,specialist,coordinate_evidence,work,RequestSpecialistEvidence,RequestSpecialistEvidence,OperationalCase,,,success,0,5acd8d0a-63d8-402f-a828-8ce8e3282fd1
c7fcacc6-abe3-4245-a7a2-6409f772c13e,C000005,S5_complex_cross_functional,C000005_E01,MW02,2026-01-01T08:18:19,agent,maintenance,synthesize_evidence,outcome,BuildRootCauseEvidencePackage,BuildRootCauseEvidencePackage,OperationalCase,,,success,0,f60cbc01-0f00-485c-b486-e4a8253ef615
3b53fbf4-d17c-45a6-96c9-d7a18c31b610,C000005,S5_complex_cross_functional,C000005_E02,MW03,2026-01-01T08:18:49,agent,quality,assess_quality_impact,work,IdentifyAffectedWIP,QualityAgent.findWIP,QualityIssue,,,success,0,c7fcacc6-abe3-4245-a7a2-6409f772c13e
12299320-8915-4fca-b0e8-9a7d5af705d8,C000005,S5_complex_cross_functional,C000005_E02,MW03,2026-01-01T08:19:46,agent,quality,assess_quality_impact,work,GetInspectionResults,MES.qualityResults,QualityIssue,,,success,0,3b53fbf4-d17c-45a6-96c9-d7a18c31b610
8d903ca4-4d20-49e2-9e4d-92cf9bfb94e0,C000005,S5_complex_cross_functional,C000005_E02,MW03,2026-01-01T08:20:17,human,specialist,assess_quality_impact,work,GetQualitySpecification,QMS.specification,QualityIssue,,,success,0,12299320-8915-4fca-b0e8-9a7d5af705d8
d919e13d-fd4b-4c0e-bc41-395cece04dfe,C000005,S5_complex_cross_functional,C000005_E02,MW03,2026-01-01T08:20:49,agent,quality,assess_quality_impact,outcome,ClassifyQualityRisk,ClassifyQualityRisk,QualityIssue,,,success,0,8d903ca4-4d20-49e2-9e4d-92cf9bfb94e0
dc9a3b7b-84fc-4613-8db1-573d5f1629b1,C000005,S5_complex_cross_functional,C000005_E03,MW04,2026-01-01T08:21:47,agent,production,assess_production_impact,work,IdentifyAffectedResource,IdentifyAffectedResource,OperationalCase,,,success,0,d919e13d-fd4b-4c0e-bc41-395cece04dfe
2d5d68be-4fd8-4c99-9ef1-43bc2b6d60cf,C000005,S5_complex_cross_functional,C000005_E03,MW04,2026-01-01T08:22:00,agent,production,assess_production_impact,work,RetrieveActiveOrders,SAP.productionOrders,ProductionOrder,,,success,0,dc9a3b7b-84fc-4613-8db1-573d5f1629b1
ab92eea8-50e6-496c-baae-cf5c4a51912a,C000005,S5_complex_cross_functional,C000005_E03,MW04,2026-01-01T08:22:22,agent,planning,assess_production_impact,work,RetrieveSchedule,PlanningAgent.schedule,ProductionOrder,,,success,0,2d5d68be-4fd8-4c99-9ef1-43bc2b6d60cf
75d4edb1-4b39-49f8-bbb5-8a527e97a8a8,C000005,S5_complex_cross_functional,C000005_E03,MW04,2026-01-01T08:22:58,agent,planning,assess_production_impact,work,EvaluateCapacityLoss,PlanningAgent.capacityLoss,Machine,,,success,0,ab92eea8-50e6-496c-baae-cf5c4a51912a
ff59a466-3893-4b84-b14f-d1219ab09347,C000005,S5_complex_cross_functional,C000005_E03,MW04,2026-01-01T08:23:10,agent,planning,assess_production_impact,outcome,IdentifyAffectedOrders,IdentifyAffectedOrders,ProductionOrder,,,success,0,75d4edb1-4b39-49f8-bbb5-8a527e97a8a8
667fe197-21c8-41bb-952c-8a07cbb7cf63,C000005,S5_complex_cross_functional,C000005_E04,MW05,2026-01-01T08:23:32,agent,planning,assess_delivery_risk,work,RetrieveCustomerCommitments,PlanningAgent.commitments,ProductionOrder,,,success,0,ff59a466-3893-4b84-b14f-d1219ab09347
44779ed5-0e5c-425b-a3bc-69643529e013,C000005,S5_complex_cross_functional,C000005_E04,MW05,2026-01-01T08:23:44,agent,planning,assess_delivery_risk,work,EstimateOrderDelay,EstimateOrderDelay,ProductionOrder,,,success,0,667fe197-21c8-41bb-952c-8a07cbb7cf63
6e603996-9710-4b2a-8fb2-f4b8707142a1,C000005,S5_complex_cross_functional,C000005_E04,MW05,2026-01-01T08:24:11,agent,planning,assess_delivery_risk,outcome,ClassifyDeliveryRisk,ClassifyDeliveryRisk,ProductionOrder,,,success,0,44779ed5-0e5c-425b-a3bc-69643529e013
1e006049-e27a-4da5-8e81-09586fd99175,C000005,S5_complex_cross_functional,C000005_E05,MW06,2026-01-01T08:25:01,agent,production,design_recovery,work,GenerateRecoveryOptions,GenerateRecoveryOptions,OperationalCase,,,success,0,6e603996-9710-4b2a-8fb2-f4b8707142a1
2c8779f0-9980-441e-8ab7-f388ea1020e4,C000005,S5_complex_cross_functional,C000005_E05,MW06,2026-01-01T08:26:00,agent,planning,design_recovery,work,EvaluateRecoveryTradeoffs,EvaluateRecoveryTradeoffs,OperationalCase,,,success,0,1e006049-e27a-4da5-8e81-09586fd99175
227c8b8c-a959-45d7-82fd-1faf3aef45d8,C000005,S5_complex_cross_functional,C000005_E05,MW06,2026-01-01T08:26:41,agent,planning,design_recovery,work,CheckAlternateCapacity,MES.resourceCapacity,Machine,,,failed,0,2c8779f0-9980-441e-8ab7-f388ea1020e4
11e74d7a-8d25-4636-b554-e0dafbe3b01a,C000005,S5_complex_cross_functional,C000005_E05,MW06,2026-01-01T08:26:55,agent,planning,design_recovery,work,CheckAlternateCapacity,MES.resourceCapacity,Machine,,,success,1,227c8b8c-a959-45d7-82fd-1faf3aef45d8
8664826a-ed25-4f62-a863-123e5ce4c0e2,C000005,S5_complex_cross_functional,C000005_E05,MW06,2026-01-01T08:27:54,agent,production,design_recovery,outcome,RecommendRecoveryPlan,RecommendRecoveryPlan,OperationalCase,,,success,0,11e74d7a-8d25-4636-b554-e0dafbe3b01a
a348a63f-ce4b-426d-bb9d-8f0e0f45747b,C000005,S5_complex_cross_functional,C000005_E06,MW07,2026-01-01T08:28:33,agent,production,request_approval,work,SubmitRecoveryProposal,SubmitRecoveryProposal,OperationalCase,,,success,0,8664826a-ed25-4f62-a863-123e5ce4c0e2
e6800a6c-9249-4996-a775-5961d4bdcb76,C000005,S5_complex_cross_functional,C000005_E06,MW07,2026-01-01T08:28:58,human,supervisor,review_proposal,work,ReviewRecoveryProposal,ReviewRecoveryProposal,OperationalCase,,,success,0,a348a63f-ce4b-426d-bb9d-8f0e0f45747b
52632bea-ce84-43fb-af82-72be21cf354d,C000005,S5_complex_cross_functional,C000005_E06,MW07,2026-01-01T08:29:38,human,supervisor,decide_approval,work,ResolveApprovalDecision,ResolveApprovalDecision,OperationalCase,,,success,0,e6800a6c-9249-4996-a775-5961d4bdcb76
477d776a-e6f9-4a6b-8526-117460decff7,C000005,S5_complex_cross_functional,C000005_E06,MW07,2026-01-01T08:30:15,agent,production,finalize_approval,outcome,PublishApprovedPlan,PublishApprovedPlan,OperationalCase,,,success,0,52632bea-ce84-43fb-af82-72be21cf354d
5ac8654e-0a90-4dc0-a941-040484c2158f,C000005,S5_complex_cross_functional,C000005_E07,MW08,2026-01-01T08:30:30,agent,production,execute_recovery,work,ExecuteRecoveryAction,MES.executeChange,OperationalCase,,,success,0,477d776a-e6f9-4a6b-8526-117460decff7
fe34adab-89c5-43be-9214-9236c7412a46,C000005,S5_complex_cross_functional,C000005_E07,MW08,2026-01-01T08:31:06,agent,production,verify_recovery,work,MonitorProductionState,MonitorProductionState,OperationalCase,,,success,0,5ac8654e-0a90-4dc0-a941-040484c2158f
bc679ae6-a720-40d3-9af6-34512e2f4623,C000005,S5_complex_cross_functional,C000005_E07,MW08,2026-01-01T08:31:50,agent,production,verify_recovery,work,VerifyRecoveryOutcome,VerifyRecoveryOutcome,OperationalCase,,,success,0,fe34adab-89c5-43be-9214-9236c7412a46
672a4819-2077-4a04-a9ce-5d9ed164f916,C000005,S5_complex_cross_functional,C000005_E07,MW08,2026-01-01T08:32:18,agent,production,close_case,outcome,CloseOperationalEpisode,CloseOperationalEpisode,OperationalCase,,,success,0,bc679ae6-a720-40d3-9af6-34512e2f4623
4f2f954c-9e26-48a6-a810-0cc37ef7de5c,C000006,S3_quality_abnormality,C000006_E00,MW01,2026-01-01T08:18:00,agent,production,understand_abnormality,trigger,ReceiveAbnormalityEvent,ReceiveAbnormalityEvent,OperationalCase,,,success,0,
0ee0502f-5020-43b3-8300-c361998e5567,C000006,S3_quality_abnormality,C000006_E00,MW01,2026-01-01T08:18:47,human,specialist,collect_context,work,GetMachineStatus,MES.machineStatus,Machine,,,success,0,4f2f954c-9e26-48a6-a810-0cc37ef7de5c
cf932733-e657-4df1-a121-7b03238d3b05,C000006,S3_quality_abnormality,C000006_E00,MW01,2026-01-01T08:19:29,agent,production,collect_context,work,GetCurrentProductionOrder,SAP.readProductionOrder,ProductionOrder,,,success,0,0ee0502f-5020-43b3-8300-c361998e5567
1e2c4e3f-c2d5-44f1-8a07-acc42de7c049,C000006,S3_quality_abnormality,C000006_E00,MW01,2026-01-01T08:19:41,agent,maintenance,collect_context,work,GetRecentAlarm,MES.alarmQuery,Machine,,,success,0,cf932733-e657-4df1-a121-7b03238d3b05
e3b99f6d-7d4d-4dac-ac4b-8cf0d7086328,C000006,S3_quality_abnormality,C000006_E00,MW01,2026-01-01T08:20:14,agent,planning,incidental_activity,noise,CheckShiftCalendar,CheckShiftCalendar,Machine,,,success,0,1e2c4e3f-c2d5-44f1-8a07-acc42de7c049
e338e822-2243-41b3-b981-4d59fbf001e3,C000006,S3_quality_abnormality,C000006_E00,MW01,2026-01-01T08:20:20,agent,production,synthesize_context,outcome,BuildOperationalContext,BuildOperationalContext,OperationalCase,,,success,0,e3b99f6d-7d4d-4dac-ac4b-8cf0d7086328
6ea173a5-7346-4006-803e-2ddad137bbe1,C000006,S3_quality_abnormality,C000006_E01,MW02,2026-01-01T08:21:07,agent,maintenance,investigate_cause,work,GetAlarmHistory,MaintenanceAgent.alarmHistory,Machine,,,success,0,e338e822-2243-41b3-b981-4d59fbf001e3
6299b04d-e06b-40ce-b70b-e7f376f3790e,C000006,S3_quality_abnormality,C000006_E01,MW02,2026-01-01T08:21:17,agent,maintenance,investigate_cause,work,GetMaintenanceHistory,CMMS.history,MaintenanceRequest,,,success,0,6ea173a5-7346-4006-803e-2ddad137bbe1
3f74bf25-1fa7-42a6-a549-aa2f8eb6dc25,C000006,S3_quality_abnormality,C000006_E01,MW02,2026-01-01T08:21:29,human,specialist,investigate_cause,work,GetProcessParameters,Historian.processWindow,OperationalCase,,,success,0,6299b04d-e06b-40ce-b70b-e7f376f3790e
328c95cd-7121-4669-9f96-bdcd4c30cbf7,C000006,S3_quality_abnormality,C000006_E01,MW02,2026-01-01T08:21:41,agent,maintenance,synthesize_evidence,outcome,BuildRootCauseEvidencePackage,BuildRootCauseEvidencePackage,OperationalCase,,,success,0,3f74bf25-1fa7-42a6-a549-aa2f8eb6dc25
418a04b8-69af-4d9c-8dc1-7fdf6d9010c2,C000006,S3_quality_abnormality,C000006_E01,MW02,2026-01-01T08:21:51,agent,maintenance,coordinate_evidence,work,RequestSpecialistEvidence,RequestSpecialistEvidence,OperationalCase,,,success,0,328c95cd-7121-4669-9f96-bdcd4c30cbf7
e7b68c69-de43-4730-81d8-a27a518ab258,C000006,S3_quality_abnormality,C000006_E02,MW03,2026-01-01T08:22:40,agent,quality,assess_quality_impact,work,IdentifyAffectedWIP,MES.getWIP,QualityIssue,,,success,0,418a04b8-69af-4d9c-8dc1-7fdf6d9010c2
25531f4c-6b34-4bb0-8602-661c4e6a276b,C000006,S3_quality_abnormality,C000006_E02,MW03,2026-01-01T08:23:40,agent,quality,assess_quality_impact,work,GetInspectionResults,QMS.results,QualityIssue,,,success,0,e7b68c69-de43-4730-81d8-a27a518ab258
5d49767c-6f08-4c03-a882-cda314fd2304,C000006,S3_quality_abnormality,C000006_E02,MW03,2026-01-01T08:24:31,agent,quality,assess_quality_impact,work,GetQualitySpecification,PLM.qualitySpec,QualityIssue,,,success,0,25531f4c-6b34-4bb0-8602-661c4e6a276b
fd9a6297-bbbc-4559-9d2b-2d576c07e4ef,C000006,S3_quality_abnormality,C000006_E02,MW03,2026-01-01T08:25:23,agent,quality,assess_quality_impact,outcome,ClassifyQualityRisk,ClassifyQualityRisk,QualityIssue,,,success,0,5d49767c-6f08-4c03-a882-cda314fd2304
c565a762-013b-4fe3-98fc-d23cd86163f4,C000006,S3_quality_abnormality,C000006_E03,MW04,2026-01-01T08:26:09,agent,planning,incidental_activity,noise,CheckShiftCalendar,CheckShiftCalendar,ProductionOrder,,,success,0,fd9a6297-bbbc-4559-9d2b-2d576c07e4ef
3e681f0f-8006-4863-8b8b-171189110112,C000006,S3_quality_abnormality,C000006_E03,MW04,2026-01-01T08:26:26,agent,production,assess_production_impact,work,IdentifyAffectedResource,IdentifyAffectedResource,OperationalCase,,,failed,0,c565a762-013b-4fe3-98fc-d23cd86163f4
4cfb8f3b-885d-41de-8e9b-281e61b0d444,C000006,S3_quality_abnormality,C000006_E03,MW04,2026-01-01T08:26:36,agent,production,assess_production_impact,work,IdentifyAffectedResource,IdentifyAffectedResource,OperationalCase,,,success,1,3e681f0f-8006-4863-8b8b-171189110112
aa30cb6a-3b6a-4bdb-a8fd-8af7a5f42606,C000006,S3_quality_abnormality,C000006_E03,MW04,2026-01-01T08:27:13,human,specialist,assess_production_impact,work,RetrieveActiveOrders,SAP.productionOrders,ProductionOrder,,,success,0,4cfb8f3b-885d-41de-8e9b-281e61b0d444
e3eb9127-e802-4c72-a11a-fa1f2fea7e26,C000006,S3_quality_abnormality,C000006_E03,MW04,2026-01-01T08:27:52,human,specialist,assess_production_impact,work,RetrieveSchedule,APS.schedule,ProductionOrder,,,success,0,aa30cb6a-3b6a-4bdb-a8fd-8af7a5f42606
aeae6e76-d48b-468e-b6c8-23bd9629392d,C000006,S3_quality_abnormality,C000006_E03,MW04,2026-01-01T08:28:43,agent,planning,assess_production_impact,work,EvaluateCapacityLoss,PlanningAgent.capacityLoss,Machine,,,success,0,e3eb9127-e802-4c72-a11a-fa1f2fea7e26
969094d3-3f0b-45ec-ad68-69540d4fc5bc,C000006,S3_quality_abnormality,C000006_E03,MW04,2026-01-01T08:29:40,agent,planning,assess_production_impact,outcome,IdentifyAffectedOrders,IdentifyAffectedOrders,ProductionOrder,,,success,0,aeae6e76-d48b-468e-b6c8-23bd9629392d
661dbab5-c8de-4823-b59c-7ec625beb674,C000006,S3_quality_abnormality,C000006_E04,MW06,2026-01-01T08:30:23,agent,production,design_recovery,work,GenerateRecoveryOptions,GenerateRecoveryOptions,OperationalCase,,,success,0,969094d3-3f0b-45ec-ad68-69540d4fc5bc
6bf8067d-d4f8-457b-a753-bb36e291441f,C000006,S3_quality_abnormality,C000006_E04,MW06,2026-01-01T08:30:45,agent,planning,design_recovery,work,CheckAlternateCapacity,PlanningAgent.altCapacity,Machine,,,success,0,661dbab5-c8de-4823-b59c-7ec625beb674
707d48cc-11f4-4bc3-950b-8b1e8b497756,C000006,S3_quality_abnormality,C000006_E04,MW06,2026-01-01T08:31:15,agent,production,design_recovery,outcome,RecommendRecoveryPlan,RecommendRecoveryPlan,OperationalCase,,,success,0,6bf8067d-d4f8-457b-a753-bb36e291441f
d198cb67-17ec-4308-a5fc-6238386746d4,C000006,S3_quality_abnormality,C000006_E04,MW06,2026-01-01T08:32:10,agent,planning,design_recovery,work,EvaluateRecoveryTradeoffs,EvaluateRecoveryTradeoffs,OperationalCase,,,success,0,707d48cc-11f4-4bc3-950b-8b1e8b497756
ed46cb14-5c8b-493e-b8d3-3e5e460b2697,C000006,S3_quality_abnormality,C000006_E05,MW07,2026-01-01T08:33:10,agent,production,request_approval,work,SubmitRecoveryProposal,SubmitRecoveryProposal,OperationalCase,,,success,0,d198cb67-17ec-4308-a5fc-6238386746d4
f63aca13-a04d-4e46-9be0-6eefa0882a7e,C000006,S3_quality_abnormality,C000006_E05,MW07,2026-01-01T08:33:56,human,supervisor,review_proposal,work,ReviewRecoveryProposal,ReviewRecoveryProposal,OperationalCase,,,success,0,ed46cb14-5c8b-493e-b8d3-3e5e460b2697
b5753f3d-3d63-4149-987d-e547095a2faa,C000006,S3_quality_abnormality,C000006_E05,MW07,2026-01-01T08:34:39,human,supervisor,decide_approval,work,ResolveApprovalDecision,ResolveApprovalDecision,OperationalCase,,,success,0,f63aca13-a04d-4e46-9be0-6eefa0882a7e
7682bc67-17f4-4cc2-a8bd-d6ae0cc2abb4,C000006,S3_quality_abnormality,C000006_E05,MW07,2026-01-01T08:34:58,agent,production,finalize_approval,outcome,PublishApprovedPlan,PublishApprovedPlan,OperationalCase,,,success,0,b5753f3d-3d63-4149-987d-e547095a2faa
9ab132b6-422c-456a-81ff-11637fc7663f,C000006,S3_quality_abnormality,C000006_E06,MW08,2026-01-01T08:35:10,agent,production,execute_recovery,work,ExecuteRecoveryAction,APS.publishSchedule,OperationalCase,,,success,0,7682bc67-17f4-4cc2-a8bd-d6ae0cc2abb4
d56f6057-7535-457a-9ab7-81f19dd4f2ab,C000006,S3_quality_abnormality,C000006_E06,MW08,2026-01-01T08:35:58,agent,production,verify_recovery,work,MonitorProductionState,MonitorProductionState,OperationalCase,,,success,0,9ab132b6-422c-456a-81ff-11637fc7663f
9c2a53eb-893f-4cac-9a5b-ed1acf06c8e8,C000006,S3_quality_abnormality,C000006_E06,MW08,2026-01-01T08:36:49,agent,production,verify_recovery,work,VerifyRecoveryOutcome,VerifyRecoveryOutcome,OperationalCase,,,success,0,d56f6057-7535-457a-9ab7-81f19dd4f2ab
a2dca251-32db-4d99-99b5-ee9889650477,C000006,S3_quality_abnormality,C000006_E06,MW08,2026-01-01T08:37:41,agent,production,close_case,outcome,CloseOperationalEpisode,CloseOperationalEpisode,OperationalCase,,,success,0,9c2a53eb-893f-4cac-9a5b-ed1acf06c8e8
850e55f6-5330-4d8b-b2d5-ced15e33891b,C000007,S5_complex_cross_functional,C000007_E00,MW01,2026-01-01T08:21:00,agent,production,understand_abnormality,trigger,ReceiveAbnormalityEvent,ReceiveAbnormalityEvent,OperationalCase,,,success,0,
2255092b-0eb3-4f7c-b601-6f050937c252,C000007,S5_complex_cross_functional,C000007_E00,MW01,2026-01-01T08:21:21,agent,production,collect_context,work,GetMachineStatus,SCADA.readMachine,Machine,,,success,0,850e55f6-5330-4d8b-b2d5-ced15e33891b
bb329632-1c62-4f86-989f-aa05a67f0625,C000007,S5_complex_cross_functional,C000007_E00,MW01,2026-01-01T08:21:58,agent,production,collect_context,work,GetCurrentProductionOrder,ERP.queryOrder,ProductionOrder,,,success,0,2255092b-0eb3-4f7c-b601-6f050937c252
de40cf59-6c31-40b0-83f2-d468144e2ae7,C000007,S5_complex_cross_functional,C000007_E00,MW01,2026-01-01T08:22:10,agent,production,incidental_activity,noise,SendStatusMessage,SendStatusMessage,Material,,,success,0,bb329632-1c62-4f86-989f-aa05a67f0625
94d2f83c-22b7-4a7b-8e9c-42aa32a975ba,C000007,S5_complex_cross_functional,C000007_E00,MW01,2026-01-01T08:22:25,agent,maintenance,collect_context,work,GetRecentAlarm,SCADA.recentAlarm,Machine,,,success,0,de40cf59-6c31-40b0-83f2-d468144e2ae7
02a07a30-ff40-4689-be39-4a96d5be13e7,C000007,S5_complex_cross_functional,C000007_E00,MW01,2026-01-01T08:23:23,agent,production,synthesize_context,outcome,BuildOperationalContext,BuildOperationalContext,OperationalCase,,,success,0,94d2f83c-22b7-4a7b-8e9c-42aa32a975ba
fdd6471d-699c-4233-8849-5cd384c810c8,C000007,S5_complex_cross_functional,C000007_E01,MW02,2026-01-01T08:23:41,agent,maintenance,investigate_cause,work,GetAlarmHistory,Historian.readAlarm,Machine,,,success,0,02a07a30-ff40-4689-be39-4a96d5be13e7
dc575b00-7f2a-4bd9-aa16-92932da320ae,C000007,S5_complex_cross_functional,C000007_E01,MW02,2026-01-01T08:24:09,agent,production,investigate_cause,work,GetProcessParameters,ProductionAgent.parameters,OperationalCase,,,success,0,fdd6471d-699c-4233-8849-5cd384c810c8
ac1e4085-fcd5-4af9-b230-8d96a201e855,C000007,S5_complex_cross_functional,C000007_E01,MW02,2026-01-01T08:24:33,agent,maintenance,coordinate_evidence,work,RequestSpecialistEvidence,RequestSpecialistEvidence,OperationalCase,,,success,0,dc575b00-7f2a-4bd9-aa16-92932da320ae
29589934-0ee7-46dd-ac15-90fd3b2c0bbd,C000007,S5_complex_cross_functional,C000007_E01,MW02,2026-01-01T08:24:53,agent,maintenance,synthesize_evidence,outcome,BuildRootCauseEvidencePackage,BuildRootCauseEvidencePackage,OperationalCase,,,success,0,ac1e4085-fcd5-4af9-b230-8d96a201e855
7192bccd-5825-4495-af2b-ee4d3a84d939,C000007,S5_complex_cross_functional,C000007_E02,MW03,2026-01-01T08:25:32,agent,quality,assess_quality_impact,work,IdentifyAffectedWIP,QualityAgent.findWIP,QualityIssue,,,success,0,29589934-0ee7-46dd-ac15-90fd3b2c0bbd
23b1a62f-254f-44c5-bacd-85ae38def169,C000007,S5_complex_cross_functional,C000007_E02,MW03,2026-01-01T08:25:57,human,specialist,assess_quality_impact,work,GetInspectionResults,QMS.results,QualityIssue,,,success,0,7192bccd-5825-4495-af2b-ee4d3a84d939
476008cc-76cd-49e7-8325-ac5902784f1b,C000007,S5_complex_cross_functional,C000007_E02,MW03,2026-01-01T08:26:47,agent,quality,assess_quality_impact,work,GetQualitySpecification,QMS.specification,QualityIssue,,,success,0,23b1a62f-254f-44c5-bacd-85ae38def169
716ce52d-b669-4a5e-85d2-e4ea27fb61f2,C000007,S5_complex_cross_functional,C000007_E02,MW03,2026-01-01T08:27:47,agent,quality,assess_quality_impact,outcome,ClassifyQualityRisk,ClassifyQualityRisk,QualityIssue,,,success,0,476008cc-76cd-49e7-8325-ac5902784f1b
2519bd54-d46f-4fa1-9ee1-b789520a1525,C000007,S5_complex_cross_functional,C000007_E03,MW04,2026-01-01T08:28:37,agent,production,assess_production_impact,work,IdentifyAffectedResource,IdentifyAffectedResource,OperationalCase,,,success,0,716ce52d-b669-4a5e-85d2-e4ea27fb61f2
79938d3e-1906-493e-84e8-6c1737fd0183,C000007,S5_complex_cross_functional,C000007_E03,MW04,2026-01-01T08:28:53,agent,production,assess_production_impact,work,RetrieveActiveOrders,ProductionAgent.orders,ProductionOrder,,,success,0,2519bd54-d46f-4fa1-9ee1-b789520a1525
82d45bd4-0b2f-466b-a27f-29173d40f702,C000007,S5_complex_cross_functional,C000007_E03,MW04,2026-01-01T08:29:26,agent,planning,assess_production_impact,work,RetrieveSchedule,MES.currentSchedule,ProductionOrder,,,success,0,79938d3e-1906-493e-84e8-6c1737fd0183
e02caa53-84b6-4921-966c-db42471284cc,C000007,S5_complex_cross_functional,C000007_E03,MW04,2026-01-01T08:29:57,agent,planning,assess_production_impact,work,EvaluateCapacityLoss,MES.capacity,Machine,,,success,0,82d45bd4-0b2f-466b-a27f-29173d40f702
b3dffe68-9e70-4ccb-8d09-8bb7702a49c7,C000007,S5_complex_cross_functional,C000007_E03,MW04,2026-01-01T08:30:10,agent,planning,assess_production_impact,outcome,IdentifyAffectedOrders,IdentifyAffectedOrders,ProductionOrder,,,success,0,e02caa53-84b6-4921-966c-db42471284cc
2907a4f8-1f9d-4222-adde-16a91cc5d137,C000007,S5_complex_cross_functional,C000007_E04,MW05,2026-01-01T08:30:57,agent,planning,assess_delivery_risk,work,RetrieveCustomerCommitments,CRM.deliveryPromise,ProductionOrder,,,success,0,b3dffe68-9e70-4ccb-8d09-8bb7702a49c7
d943403c-a410-46cb-88bf-5365feda5851,C000007,S5_complex_cross_functional,C000007_E04,MW05,2026-01-01T08:31:46,agent,planning,assess_delivery_risk,work,EstimateOrderDelay,EstimateOrderDelay,ProductionOrder,,,success,0,2907a4f8-1f9d-4222-adde-16a91cc5d137
dfe2df61-c2bf-46ee-a03c-ad32544b5839,C000007,S5_complex_cross_functional,C000007_E04,MW05,2026-01-01T08:31:59,agent,planning,assess_delivery_risk,outcome,ClassifyDeliveryRisk,ClassifyDeliveryRisk,ProductionOrder,,,success,0,d943403c-a410-46cb-88bf-5365feda5851
21d2f1e3-ee85-4a65-9629-66337c6da4c6,C000007,S5_complex_cross_functional,C000007_E05,MW06,2026-01-01T08:32:10,agent,production,design_recovery,work,GenerateRecoveryOptions,GenerateRecoveryOptions,OperationalCase,,,success,0,dfe2df61-c2bf-46ee-a03c-ad32544b5839
1343c799-b28a-4c5e-8f89-75b4799d80d9,C000007,S5_complex_cross_functional,C000007_E05,MW06,2026-01-01T08:32:39,agent,planning,design_recovery,work,CheckAlternateCapacity,PlanningAgent.altCapacity,Machine,,,success,0,21d2f1e3-ee85-4a65-9629-66337c6da4c6
14e5110a-cfe5-4089-8190-f40c6c053b50,C000007,S5_complex_cross_functional,C000007_E05,MW06,2026-01-01T08:32:59,agent,production,design_recovery,outcome,RecommendRecoveryPlan,RecommendRecoveryPlan,OperationalCase,,,success,0,1343c799-b28a-4c5e-8f89-75b4799d80d9
38491dc3-dd6f-4ffc-93f1-33a2f2cf8942,C000007,S5_complex_cross_functional,C000007_E06,MW07,2026-01-01T08:33:18,agent,production,request_approval,work,SubmitRecoveryProposal,SubmitRecoveryProposal,OperationalCase,,,success,0,14e5110a-cfe5-4089-8190-f40c6c053b50
1f0f54f8-b738-4a8f-851f-15df44166258,C000007,S5_complex_cross_functional,C000007_E06,MW07,2026-01-01T08:33:44,human,supervisor,decide_approval,work,ResolveApprovalDecision,ResolveApprovalDecision,OperationalCase,,,success,0,38491dc3-dd6f-4ffc-93f1-33a2f2cf8942
885b5030-6cd1-45e8-a1be-657d04f0a541,C000007,S5_complex_cross_functional,C000007_E06,MW07,2026-01-01T08:34:29,human,supervisor,review_proposal,work,ReviewRecoveryProposal,ReviewRecoveryProposal,OperationalCase,,,success,0,1f0f54f8-b738-4a8f-851f-15df44166258
d822e917-0ac6-42fc-b659-be8606e3655f,C000007,S5_complex_cross_functional,C000007_E06,MW07,2026-01-01T08:35:16,agent,production,finalize_approval,outcome,PublishApprovedPlan,PublishApprovedPlan,OperationalCase,,,success,0,885b5030-6cd1-45e8-a1be-657d04f0a541
dee94179-4891-4ff0-963d-056d2d7918bb,C000007,S5_complex_cross_functional,C000007_E07,MW08,2026-01-01T08:35:41,agent,production,execute_recovery,work,ExecuteRecoveryAction,MES.executeChange,OperationalCase,,,success,0,d822e917-0ac6-42fc-b659-be8606e3655f
0097a4e1-57c5-4b20-8f13-95c6e38e352a,C000007,S5_complex_cross_functional,C000007_E07,MW08,2026-01-01T08:36:40,agent,production,verify_recovery,work,VerifyRecoveryOutcome,VerifyRecoveryOutcome,OperationalCase,,,success,0,dee94179-4891-4ff0-963d-056d2d7918bb
8da77f7f-da29-41f4-b1f4-c0f833f6363c,C000007,S5_complex_cross_functional,C000007_E07,MW08,2026-01-01T08:37:02,agent,production,verify_recovery,work,MonitorProductionState,MonitorProductionState,OperationalCase,,,success,0,0097a4e1-57c5-4b20-8f13-95c6e38e352a
656a95a2-3763-4f3b-9566-d42ba79b1566,C000007,S5_complex_cross_functional,C000007_E07,MW08,2026-01-01T08:37:44,agent,production,close_case,outcome,CloseOperationalEpisode,CloseOperationalEpisode,OperationalCase,,,success,0,8da77f7f-da29-41f4-b1f4-c0f833f6363c
a0c0c2d1-f14f-4c3a-8968-1aa4b5b95e30,C000008,S3_quality_abnormality,C000008_E00,MW01,2026-01-01T08:24:00,agent,production,understand_abnormality,trigger,ReceiveAbnormalityEvent,ReceiveAbnormalityEvent,OperationalCase,,,success,0,
7e388ef2-3aa2-49e0-aba5-613cf3901b90,C000008,S3_quality_abnormality,C000008_E00,MW01,2026-01-01T08:24:57,human,specialist,collect_context,work,GetMachineStatus,MES.machineStatus,Machine,,,success,0,a0c0c2d1-f14f-4c3a-8968-1aa4b5b95e30
572184b6-3590-43f1-8669-692562680373,C000008,S3_quality_abnormality,C000008_E00,MW01,2026-01-01T08:25:21,agent,production,synthesize_context,outcome,BuildOperationalContext,BuildOperationalContext,OperationalCase,,,success,0,7e388ef2-3aa2-49e0-aba5-613cf3901b90
c57cca82-2fb9-4725-92f7-67ba3d85f0f9,C000008,S3_quality_abnormality,C000008_E00,MW01,2026-01-01T08:25:38,agent,production,collect_context,work,GetCurrentProductionOrder,SAP.readProductionOrder,ProductionOrder,,,success,0,572184b6-3590-43f1-8669-692562680373
d6b4275d-3c65-406f-9409-ab9132d8fdff,C000008,S3_quality_abnormality,C000008_E01,MW02,2026-01-01T08:26:33,agent,maintenance,investigate_cause,work,GetAlarmHistory,Historian.readAlarm,Machine,,,success,0,c57cca82-2fb9-4725-92f7-67ba3d85f0f9
171f0740-92ba-4f29-9e15-cfb98b4ad0d6,C000008,S3_quality_abnormality,C000008_E01,MW02,2026-01-01T08:27:01,agent,maintenance,investigate_cause,work,GetMaintenanceHistory,MaintenanceAgent.workHistory,MaintenanceRequest,,,success,0,d6b4275d-3c65-406f-9409-ab9132d8fdff
5e009042-958d-4198-900b-ee683d926fb9,C000008,S3_quality_abnormality,C000008_E01,MW02,2026-01-01T08:27:11,agent,production,investigate_cause,work,GetProcessParameters,MES.processParams,OperationalCase,,,success,0,171f0740-92ba-4f29-9e15-cfb98b4ad0d6
7d0938bf-9a9a-45fd-b03d-f03a62d1de35,C000008,S3_quality_abnormality,C000008_E01,MW02,2026-01-01T08:27:31,agent,maintenance,synthesize_evidence,outcome,BuildRootCauseEvidencePackage,BuildRootCauseEvidencePackage,OperationalCase,,,success,0,5e009042-958d-4198-900b-ee683d926fb9
b0f0b829-8b89-4528-9edd-e71fba98303a,C000008,S3_quality_abnormality,C000008_E02,MW03,2026-01-01T08:28:02,agent,quality,assess_quality_impact,work,IdentifyAffectedWIP,QualityAgent.findWIP,QualityIssue,,,success,0,7d0938bf-9a9a-45fd-b03d-f03a62d1de35
6687cc8b-57b4-4acd-8830-de5595fbf1dd,C000008,S3_quality_abnormality,C000008_E02,MW03,2026-01-01T08:28:42,agent,quality,assess_quality_impact,work,GetInspectionResults,QMS.results,QualityIssue,,,failed,0,b0f0b829-8b89-4528-9edd-e71fba98303a
e1f95577-88ee-4a81-af7a-b44ae3445000,C000008,S3_quality_abnormality,C000008_E02,MW03,2026-01-01T08:29:00,agent,quality,assess_quality_impact,work,GetInspectionResults,QualityAgent.inspection,QualityIssue,,,success,1,6687cc8b-57b4-4acd-8830-de5595fbf1dd
cc1f1ec0-a166-4973-aefc-7caac927e966,C000008,S3_quality_abnormality,C000008_E02,MW03,2026-01-01T08:29:24,agent,quality,assess_quality_impact,work,GetQualitySpecification,QualityAgent.spec,QualityIssue,,,success,0,e1f95577-88ee-4a81-af7a-b44ae3445000
f44c8119-2d34-4188-933f-0d52563a02da,C000008,S3_quality_abnormality,C000008_E02,MW03,2026-01-01T08:30:11,agent,quality,assess_quality_impact,outcome,ClassifyQualityRisk,ClassifyQualityRisk,QualityIssue,,,success,0,cc1f1ec0-a166-4973-aefc-7caac927e966
645959b8-f11c-498b-a55c-cd7ec6fc504b,C000008,S3_quality_abnormality,C000008_E03,MW04,2026-01-01T08:30:22,agent,production,assess_production_impact,work,IdentifyAffectedResource,IdentifyAffectedResource,OperationalCase,,,success,0,f44c8119-2d34-4188-933f-0d52563a02da
5db71158-ecc7-4cf7-b61b-2c777fd29e4b,C000008,S3_quality_abnormality,C000008_E03,MW04,2026-01-01T08:30:33,agent,production,incidental_activity,noise,ReadUnrelatedDashboard,ReadUnrelatedDashboard,Material,,,success,0,645959b8-f11c-498b-a55c-cd7ec6fc504b
b7d98c13-9771-4c62-9cd2-f27d383e7aa7,C000008,S3_quality_abnormality,C000008_E03,MW04,2026-01-01T08:30:39,human,specialist,assess_production_impact,work,RetrieveActiveOrders,SAP.productionOrders,ProductionOrder,,,success,0,5db71158-ecc7-4cf7-b61b-2c777fd29e4b
fe53b30b-c845-4062-8527-180da4b1b52c,C000008,S3_quality_abnormality,C000008_E03,MW04,2026-01-01T08:31:01,agent,planning,assess_production_impact,work,RetrieveSchedule,APS.schedule,ProductionOrder,,,success,0,b7d98c13-9771-4c62-9cd2-f27d383e7aa7
1973bb93-d164-48ba-ab91-f790cc7fd4e5,C000008,S3_quality_abnormality,C000008_E03,MW04,2026-01-01T08:31:59,agent,planning,assess_production_impact,work,EvaluateCapacityLoss,APS.capacityImpact,Machine,,,success,0,fe53b30b-c845-4062-8527-180da4b1b52c
8fd8388f-f206-4789-9cca-333f88f50a79,C000008,S3_quality_abnormality,C000008_E03,MW04,2026-01-01T08:32:22,agent,planning,assess_production_impact,outcome,IdentifyAffectedOrders,IdentifyAffectedOrders,ProductionOrder,,,success,0,1973bb93-d164-48ba-ab91-f790cc7fd4e5
17c03ca5-ab79-4601-9b6e-10fc6bf7d50a,C000008,S3_quality_abnormality,C000008_E04,MW06,2026-01-01T08:33:20,agent,production,design_recovery,work,GenerateRecoveryOptions,GenerateRecoveryOptions,OperationalCase,,,success,0,8fd8388f-f206-4789-9cca-333f88f50a79
61014167-4086-4ff8-ae96-88675cc96df1,C000008,S3_quality_abnormality,C000008_E04,MW06,2026-01-01T08:33:36,agent,planning,design_recovery,work,CheckAlternateCapacity,PlanningAgent.altCapacity,Machine,,,success,0,17c03ca5-ab79-4601-9b6e-10fc6bf7d50a
1ed171dc-7e5b-427a-ad55-80fdbeec1551,C000008,S3_quality_abnormality,C000008_E04,MW06,2026-01-01T08:34:13,agent,planning,design_recovery,work,EvaluateRecoveryTradeoffs,EvaluateRecoveryTradeoffs,OperationalCase,,,success,0,61014167-4086-4ff8-ae96-88675cc96df1
1d885b78-ad3b-4103-b939-18073065bbb1,C000008,S3_quality_abnormality,C000008_E04,MW06,2026-01-01T08:34:26,agent,production,design_recovery,outcome,RecommendRecoveryPlan,RecommendRecoveryPlan,OperationalCase,,,success,0,1ed171dc-7e5b-427a-ad55-80fdbeec1551
d06c399f-f8bf-4580-a9d5-f8bc1567e371,C000008,S3_quality_abnormality,C000008_E05,MW07,2026-01-01T08:35:14,human,specialist,request_approval,work,SubmitRecoveryProposal,SubmitRecoveryProposal,OperationalCase,,,success,0,1d885b78-ad3b-4103-b939-18073065bbb1
f0a712c0-411e-45d1-94bd-1e56375f4376,C000008,S3_quality_abnormality,C000008_E05,MW07,2026-01-01T08:35:51,human,supervisor,review_proposal,work,ReviewRecoveryProposal,ReviewRecoveryProposal,OperationalCase,,,success,0,d06c399f-f8bf-4580-a9d5-f8bc1567e371
bd6ac3b8-5788-4518-81a6-40f3bd02a738,C000008,S3_quality_abnormality,C000008_E05,MW07,2026-01-01T08:36:31,human,supervisor,decide_approval,work,ResolveApprovalDecision,ResolveApprovalDecision,OperationalCase,,,success,0,f0a712c0-411e-45d1-94bd-1e56375f4376
3f6e590b-e730-4237-ab48-3a7ea7cf2806,C000008,S3_quality_abnormality,C000008_E05,MW07,2026-01-01T08:36:54,agent,production,finalize_approval,outcome,PublishApprovedPlan,PublishApprovedPlan,OperationalCase,,,success,0,bd6ac3b8-5788-4518-81a6-40f3bd02a738
f4909340-b366-4e35-aae3-b00f0feb8300,C000008,S3_quality_abnormality,C000008_E06,MW08,2026-01-01T08:37:22,agent,production,execute_recovery,work,ExecuteRecoveryAction,APS.publishSchedule,OperationalCase,,,success,0,3f6e590b-e730-4237-ab48-3a7ea7cf2806
0b79975b-f4f7-4dae-82d6-1f9c76835ff2,C000008,S3_quality_abnormality,C000008_E06,MW08,2026-01-01T08:38:03,agent,production,verify_recovery,work,VerifyRecoveryOutcome,VerifyRecoveryOutcome,OperationalCase,,,success,0,f4909340-b366-4e35-aae3-b00f0feb8300
e8fa8f17-5a4a-4bf4-aa26-be2468a86849,C000008,S3_quality_abnormality,C000008_E06,MW08,2026-01-01T08:38:44,agent,production,verify_recovery,work,MonitorProductionState,MonitorProductionState,OperationalCase,,,success,0,0b79975b-f4f7-4dae-82d6-1f9c76835ff2
4667202c-d2a6-4436-b0f2-86b54970230e,C000008,S3_quality_abnormality,C000008_E06,MW08,2026-01-01T08:39:30,agent,production,close_case,outcome,CloseOperationalEpisode,CloseOperationalEpisode,OperationalCase,,,success,0,e8fa8f17-5a4a-4bf4-aa26-be2468a86849
2afa1ab1-52e3-4a6d-80f5-50013841f672,C000009,S2_breakdown_schedule,C000009_E00,MW01,2026-01-01T08:27:00,agent,production,understand_abnormality,trigger,ReceiveAbnormalityEvent,ReceiveAbnormalityEvent,OperationalCase,,,success,0,
ecbf0e02-cb32-40e5-8cf4-136a9c27a4c7,C000009,S2_breakdown_schedule,C000009_E00,MW01,2026-01-01T08:27:54,human,specialist,collect_context,work,GetMachineStatus,MES.machineStatus,Machine,,,success,0,2afa1ab1-52e3-4a6d-80f5-50013841f672
391ddb30-ddb1-460a-a86e-abefbfde4c58,C000009,S2_breakdown_schedule,C000009_E00,MW01,2026-01-01T08:28:29,agent,production,collect_context,work,GetCurrentProductionOrder,SAP.readProductionOrder,ProductionOrder,,,success,0,ecbf0e02-cb32-40e5-8cf4-136a9c27a4c7
2918bf44-51ae-4dfe-b08e-a547ea8a5941,C000009,S2_breakdown_schedule,C000009_E00,MW01,2026-01-01T08:29:20,agent,quality,incidental_activity,noise,SendStatusMessage,SendStatusMessage,ProductionOrder,,,success,0,391ddb30-ddb1-460a-a86e-abefbfde4c58
155e8313-e0c1-4421-9411-972f2e9e82d4,C000009,S2_breakdown_schedule,C000009_E00,MW01,2026-01-01T08:29:38,agent,maintenance,collect_context,work,GetRecentAlarm,MES.alarmQuery,Machine,,,success,0,2918bf44-51ae-4dfe-b08e-a547ea8a5941
bd5853f2-02ac-4176-bc9f-ef8a4357325a,C000009,S2_breakdown_schedule,C000009_E00,MW01,2026-01-01T08:30:28,agent,production,synthesize_context,outcome,BuildOperationalContext,BuildOperationalContext,OperationalCase,,,success,0,155e8313-e0c1-4421-9411-972f2e9e82d4
8bbce831-07db-4648-bbe1-7fd920bdda53,C000009,S2_breakdown_schedule,C000009_E01,MW02,2026-01-01T08:31:26,agent,quality,incidental_activity,noise,QueryNonCriticalMetric,QueryNonCriticalMetric,Material,,,success,0,bd5853f2-02ac-4176-bc9f-ef8a4357325a
f96c4e9c-b836-47c1-af64-130663ab8174,C000009,S2_breakdown_schedule,C000009_E01,MW02,2026-01-01T08:31:35,agent,maintenance,investigate_cause,work,GetAlarmHistory,MaintenanceAgent.alarmHistory,Machine,,,success,0,8bbce831-07db-4648-bbe1-7fd920bdda53
cfe5171a-59bc-4606-ae50-5c90524654d2,C000009,S2_breakdown_schedule,C000009_E01,MW02,2026-01-01T08:32:32,agent,maintenance,investigate_cause,work,GetMaintenanceHistory,SAP_PM.readHistory,MaintenanceRequest,,,success,0,f96c4e9c-b836-47c1-af64-130663ab8174
23f5ebcb-dafd-4608-be89-39ff1c13079c,C000009,S2_breakdown_schedule,C000009_E01,MW02,2026-01-01T08:33:19,agent,production,investigate_cause,work,GetProcessParameters,ProductionAgent.parameters,OperationalCase,,,success,0,cfe5171a-59bc-4606-ae50-5c90524654d2
30d1b8da-df6d-4548-9630-1e7188208b33,C000009,S2_breakdown_schedule,C000009_E01,MW02,2026-01-01T08:33:44,agent,maintenance,coordinate_evidence,work,RequestSpecialistEvidence,RequestSpecialistEvidence,OperationalCase,,,success,0,23f5ebcb-dafd-4608-be89-39ff1c13079c
702d27e2-3ed0-4eb1-910b-e3190f48029f,C000009,S2_breakdown_schedule,C000009_E01,MW02,2026-01-01T08:34:33,agent,maintenance,synthesize_evidence,outcome,BuildRootCauseEvidencePackage,BuildRootCauseEvidencePackage,OperationalCase,,,success,0,30d1b8da-df6d-4548-9630-1e7188208b33
15559a81-a32a-4ffd-a682-0e9636ad3ebf,C000009,S2_breakdown_schedule,C000009_E02,MW04,2026-01-01T08:35:03,agent,production,assess_production_impact,work,IdentifyAffectedResource,IdentifyAffectedResource,OperationalCase,,,success,0,702d27e2-3ed0-4eb1-910b-e3190f48029f
9aa0f69e-37e1-45ee-a686-67c71957c719,C000009,S2_breakdown_schedule,C000009_E02,MW04,2026-01-01T08:35:59,agent,production,assess_production_impact,work,RetrieveActiveOrders,MES.activeOrders,ProductionOrder,,,success,0,15559a81-a32a-4ffd-a682-0e9636ad3ebf
26287575-8222-4202-aea3-28ea715d815d,C000009,S2_breakdown_schedule,C000009_E02,MW04,2026-01-01T08:36:33,human,specialist,assess_production_impact,work,RetrieveSchedule,MES.currentSchedule,ProductionOrder,,,success,0,9aa0f69e-37e1-45ee-a686-67c71957c719
c1c399ba-1503-490f-bdb2-212a740f95b7,C000009,S2_breakdown_schedule,C000009_E02,MW04,2026-01-01T08:37:10,human,specialist,assess_production_impact,work,EvaluateCapacityLoss,PlanningAgent.capacityLoss,Machine,,,success,0,26287575-8222-4202-aea3-28ea715d815d
df082e83-d64a-4731-a1d2-ecb42e6f2d9f,C000009,S2_breakdown_schedule,C000009_E02,MW04,2026-01-01T08:37:33,agent,planning,assess_production_impact,outcome,IdentifyAffectedOrders,IdentifyAffectedOrders,ProductionOrder,,,failed,0,c1c399ba-1503-490f-bdb2-212a740f95b7
f41416ab-9e77-4606-9ef1-96471212e719,C000009,S2_breakdown_schedule,C000009_E02,MW04,2026-01-01T08:37:51,agent,planning,assess_production_impact,outcome,IdentifyAffectedOrders,IdentifyAffectedOrders,ProductionOrder,,,success,1,df082e83-d64a-4731-a1d2-ecb42e6f2d9f
160cce1a-2ff6-4b98-8f74-5af6bc5d50d8,C000009,S2_breakdown_schedule,C000009_E03,MW06,2026-01-01T08:38:45,human,specialist,design_recovery,work,GenerateRecoveryOptions,GenerateRecoveryOptions,OperationalCase,,,success,0,f41416ab-9e77-4606-9ef1-96471212e719
edaa2ab9-f25c-4ce6-84c1-9feee5caa991,C000009,S2_breakdown_schedule,C000009_E03,MW06,2026-01-01T08:39:42,agent,planning,design_recovery,work,CheckAlternateCapacity,PlanningAgent.altCapacity,Machine,,,success,0,160cce1a-2ff6-4b98-8f74-5af6bc5d50d8
c9d509a3-4054-4914-a8b3-937f66d327d5,C000009,S2_breakdown_schedule,C000009_E03,MW06,2026-01-01T08:40:36,agent,planning,design_recovery,work,EvaluateRecoveryTradeoffs,EvaluateRecoveryTradeoffs,OperationalCase,,,success,0,edaa2ab9-f25c-4ce6-84c1-9feee5caa991
4ed9ecc7-7302-4732-a3f3-148fdfccfd58,C000009,S2_breakdown_schedule,C000009_E03,MW06,2026-01-01T08:41:00,agent,production,design_recovery,outcome,RecommendRecoveryPlan,RecommendRecoveryPlan,OperationalCase,,,success,0,c9d509a3-4054-4914-a8b3-937f66d327d5
4d01272a-f7df-4cf1-be4f-9ff333225820,C000009,S2_breakdown_schedule,C000009_E04,MW07,2026-01-01T08:41:51,agent,production,request_approval,work,SubmitRecoveryProposal,SubmitRecoveryProposal,OperationalCase,,,success,0,4ed9ecc7-7302-4732-a3f3-148fdfccfd58
d8e533a8-c2ce-4e0e-9c54-be7eeecab580,C000009,S2_breakdown_schedule,C000009_E04,MW07,2026-01-01T08:42:21,human,supervisor,review_proposal,work,ReviewRecoveryProposal,ReviewRecoveryProposal,OperationalCase,,,success,0,4d01272a-f7df-4cf1-be4f-9ff333225820
710d37d8-a4ed-4570-a2e7-f29c92e4bb5a,C000009,S2_breakdown_schedule,C000009_E04,MW07,2026-01-01T08:42:57,human,supervisor,decide_approval,work,ResolveApprovalDecision,ResolveApprovalDecision,OperationalCase,,,success,0,d8e533a8-c2ce-4e0e-9c54-be7eeecab580
8012f255-f364-4cba-9745-89b03bea8cce,C000009,S2_breakdown_schedule,C000009_E04,MW07,2026-01-01T08:43:52,agent,production,finalize_approval,outcome,PublishApprovedPlan,PublishApprovedPlan,OperationalCase,,,success,0,710d37d8-a4ed-4570-a2e7-f29c92e4bb5a
59e18bdc-b7bc-40d4-8495-8e385b6fee7f,C000009,S2_breakdown_schedule,C000009_E05,MW08,2026-01-01T08:44:31,agent,production,execute_recovery,work,ExecuteRecoveryAction,APS.publishSchedule,OperationalCase,,,success,0,8012f255-f364-4cba-9745-89b03bea8cce
557ef0f7-25ed-4c06-b839-5841a5325f1f,C000009,S2_breakdown_schedule,C000009_E05,MW08,2026-01-01T08:45:30,agent,production,incidental_activity,noise,OpenReferenceDocument,OpenReferenceDocument,Machine,,,success,0,59e18bdc-b7bc-40d4-8495-8e385b6fee7f
552e7998-eaf6-4d69-a269-107f135e2b3b,C000009,S2_breakdown_schedule,C000009_E05,MW08,2026-01-01T08:45:43,agent,production,verify_recovery,work,MonitorProductionState,MonitorProductionState,OperationalCase,,,success,0,557ef0f7-25ed-4c06-b839-5841a5325f1f
9abf3dda-2101-4c3f-8f52-6175a852c0de,C000009,S2_breakdown_schedule,C000009_E05,MW08,2026-01-01T08:46:43,agent,production,close_case,outcome,CloseOperationalEpisode,CloseOperationalEpisode,OperationalCase,,,success,0,552e7998-eaf6-4d69-a269-107f135e2b3b
